1;291;MergeLast;30.0;4;3;0.Reporting locations;5.63
1;307;MergeLast;30.0;4;3;1.Set of disks for t_i;31.31
1;308;MergeLast;30.0;4;3;0.Reporting locations;4.98
1;324;MergeLast;30.0;4;3;2.Set of disks for t_i+delta;20.51
1;325;MergeLast;30.0;4;3;3.Joining timestams;8.55
1;326;MergeLast;30.0;4;3;4.Checking internals;11.68
1;327;MergeLast;30.0;4;3;0.Reporting locations;4.91
1;343;MergeLast;30.0;4;3;1.Set of disks for t_i;19.58
1;344;MergeLast;30.0;4;3;0.Reporting locations;4.93
1;360;MergeLast;30.0;4;3;2.Set of disks for t_i+delta;35.6
1;361;MergeLast;30.0;4;3;3.Joining timestams;7.04
1;362;MergeLast;30.0;4;3;4.Checking internals;9.44
1;363;MergeLast;30.0;4;3;0.Reporting locations;4.89
1;364;MergeLast;30.0;4;3;1.Set of disks for t_i;0.19
1;365;MergeLast;30.0;4;3;0.Reporting locations;4.94
1;381;MergeLast;30.0;4;3;2.Set of disks for t_i+delta;34.83
1;382;MergeLast;30.0;4;3;3.Joining timestams;7.26
1;383;MergeLast;30.0;4;3;4.Checking internals;9.93
1;384;MergeLast;30.0;4;3;0.Reporting locations;4.96
1;385;MergeLast;30.0;4;3;1.Set of disks for t_i;0.19
1;386;MergeLast;30.0;4;3;0.Reporting locations;4.93
1;402;MergeLast;30.0;4;3;2.Set of disks for t_i+delta;34.61
1;403;MergeLast;30.0;4;3;3.Joining timestams;7.15
1;404;MergeLast;30.0;4;3;4.Checking internals;9.29
1;405;MergeLast;30.0;4;3;0.Reporting locations;4.93
1;406;MergeLast;30.0;4;3;1.Set of disks for t_i;0.25
1;407;MergeLast;30.0;4;3;0.Reporting locations;4.9
1;423;MergeLast;30.0;4;3;2.Set of disks for t_i+delta;35.22
1;424;MergeLast;30.0;4;3;3.Joining timestams;7.09
1;425;MergeLast;30.0;4;3;4.Checking internals;9.48
1;426;MergeLast;30.0;4;3;0.Reporting locations;4.91
1;427;MergeLast;30.0;4;3;1.Set of disks for t_i;0.19
1;428;MergeLast;30.0;4;3;0.Reporting locations;4.86
1;444;MergeLast;30.0;4;3;2.Set of disks for t_i+delta;35.38
1;445;MergeLast;30.0;4;3;3.Joining timestams;7.26
1;446;MergeLast;30.0;4;3;4.Checking internals;9.73
1;447;MergeLast;30.0;4;3;0.Reporting locations;5.04
1;448;MergeLast;30.0;4;3;1.Set of disks for t_i;0.2
1;449;MergeLast;30.0;4;3;0.Reporting locations;4.93
1;465;MergeLast;30.0;4;3;2.Set of disks for t_i+delta;23.95
1;466;MergeLast;30.0;4;3;3.Joining timestams;6.8
1;467;MergeLast;30.0;4;3;4.Checking internals;9.45
1;468;MergeLast;30.0;4;3;0.Reporting locations;4.92
1;469;MergeLast;30.0;4;3;1.Set of disks for t_i;0.24
1;470;MergeLast;30.0;4;3;0.Reporting locations;4.8
1;486;MergeLast;30.0;4;3;2.Set of disks for t_i+delta;32.3
1;487;MergeLast;30.0;4;3;3.Joining timestams;8.08
1;488;MergeLast;30.0;4;3;4.Checking internals;9.34
1;489;MergeLast;30.0;4;3;0.Reporting locations;4.88
1;490;MergeLast;30.0;4;3;1.Set of disks for t_i;0.2
1;491;MergeLast;30.0;4;3;0.Reporting locations;4.78
1;507;MergeLast;30.0;4;3;2.Set of disks for t_i+delta;32.65
1;508;MergeLast;30.0;4;3;3.Joining timestams;6.8
1;509;MergeLast;30.0;4;3;4.Checking internals;9.2
1;514;MergeLast;30.0;4;3;Running MergeLast;592.78
3;883;MergeLast;30.0;4;3;0.Reporting locations;5.44
3;899;MergeLast;30.0;4;3;1.Set of disks for t_i;30.91
3;900;MergeLast;30.0;4;3;0.Reporting locations;4.92
3;916;MergeLast;30.0;4;3;2.Set of disks for t_i+delta;22.45
3;917;MergeLast;30.0;4;3;3.Joining timestams;8.19
3;918;MergeLast;30.0;4;3;4.Checking internals;11.81
3;919;MergeLast;30.0;4;3;0.Reporting locations;4.74
3;935;MergeLast;30.0;4;3;1.Set of disks for t_i;19.12
3;936;MergeLast;30.0;4;3;0.Reporting locations;4.7
3;952;MergeLast;30.0;4;3;2.Set of disks for t_i+delta;33.77
3;953;MergeLast;30.0;4;3;3.Joining timestams;7.06
3;954;MergeLast;30.0;4;3;4.Checking internals;9.45
3;955;MergeLast;30.0;4;3;0.Reporting locations;4.73
3;956;MergeLast;30.0;4;3;1.Set of disks for t_i;0.24
3;957;MergeLast;30.0;4;3;0.Reporting locations;4.69
3;973;MergeLast;30.0;4;3;2.Set of disks for t_i+delta;33.9
3;974;MergeLast;30.0;4;3;3.Joining timestams;7.85
3;975;MergeLast;30.0;4;3;4.Checking internals;9.39
3;976;MergeLast;30.0;4;3;0.Reporting locations;4.76
3;977;MergeLast;30.0;4;3;1.Set of disks for t_i;0.25
3;978;MergeLast;30.0;4;3;0.Reporting locations;4.8
3;994;MergeLast;30.0;4;3;2.Set of disks for t_i+delta;33.45
3;995;MergeLast;30.0;4;3;3.Joining timestams;7.66
3;996;MergeLast;30.0;4;3;4.Checking internals;9.32
3;997;MergeLast;30.0;4;3;0.Reporting locations;4.79
3;998;MergeLast;30.0;4;3;1.Set of disks for t_i;0.24
3;999;MergeLast;30.0;4;3;0.Reporting locations;4.73
3;1015;MergeLast;30.0;4;3;2.Set of disks for t_i+delta;33.68
3;1016;MergeLast;30.0;4;3;3.Joining timestams;7.28
3;1017;MergeLast;30.0;4;3;4.Checking internals;9.3
3;1018;MergeLast;30.0;4;3;0.Reporting locations;4.74
3;1019;MergeLast;30.0;4;3;1.Set of disks for t_i;0.24
3;1020;MergeLast;30.0;4;3;0.Reporting locations;4.73
3;1036;MergeLast;30.0;4;3;2.Set of disks for t_i+delta;34.36
3;1037;MergeLast;30.0;4;3;3.Joining timestams;6.89
3;1038;MergeLast;30.0;4;3;4.Checking internals;9.08
3;1039;MergeLast;30.0;4;3;0.Reporting locations;4.78
3;1040;MergeLast;30.0;4;3;1.Set of disks for t_i;0.22
3;1041;MergeLast;30.0;4;3;0.Reporting locations;4.6
3;1057;MergeLast;30.0;4;3;2.Set of disks for t_i+delta;24.58
3;1058;MergeLast;30.0;4;3;3.Joining timestams;7.38
3;1059;MergeLast;30.0;4;3;4.Checking internals;8.99
3;1060;MergeLast;30.0;4;3;0.Reporting locations;4.78
3;1061;MergeLast;30.0;4;3;1.Set of disks for t_i;0.25
3;1062;MergeLast;30.0;4;3;0.Reporting locations;4.56
3;1078;MergeLast;30.0;4;3;2.Set of disks for t_i+delta;32.11
3;1079;MergeLast;30.0;4;3;3.Joining timestams;7.81
3;1080;MergeLast;30.0;4;3;4.Checking internals;10.05
3;1081;MergeLast;30.0;4;3;0.Reporting locations;4.64
3;1082;MergeLast;30.0;4;3;1.Set of disks for t_i;0.23
3;1083;MergeLast;30.0;4;3;0.Reporting locations;4.56
3;1099;MergeLast;30.0;4;3;2.Set of disks for t_i+delta;31.93
3;1100;MergeLast;30.0;4;3;3.Joining timestams;7.46
3;1101;MergeLast;30.0;4;3;4.Checking internals;9.03
3;1106;MergeLast;30.0;4;3;Running MergeLast;584.45
5;1406;MergeLast;30.0;4;3;0.Reporting locations;5.16
5;1422;MergeLast;30.0;4;3;1.Set of disks for t_i;31.64
5;1423;MergeLast;30.0;4;3;0.Reporting locations;5.29
5;1439;MergeLast;30.0;4;3;2.Set of disks for t_i+delta;22.04
5;1440;MergeLast;30.0;4;3;3.Joining timestams;9.02
5;1441;MergeLast;30.0;4;3;4.Checking internals;12.14
5;1442;MergeLast;30.0;4;3;0.Reporting locations;5.21
5;1458;MergeLast;30.0;4;3;1.Set of disks for t_i;20.46
5;1459;MergeLast;30.0;4;3;0.Reporting locations;5.11
5;1475;MergeLast;30.0;4;3;2.Set of disks for t_i+delta;33.52
5;1476;MergeLast;30.0;4;3;3.Joining timestams;7.9
5;1477;MergeLast;30.0;4;3;4.Checking internals;9.68
5;1478;MergeLast;30.0;4;3;0.Reporting locations;5.16
5;1479;MergeLast;30.0;4;3;1.Set of disks for t_i;0.25
5;1480;MergeLast;30.0;4;3;0.Reporting locations;5.06
5;1496;MergeLast;30.0;4;3;2.Set of disks for t_i+delta;31.67
5;1497;MergeLast;30.0;4;3;3.Joining timestams;7.51
5;1498;MergeLast;30.0;4;3;4.Checking internals;9.86
5;1499;MergeLast;30.0;4;3;0.Reporting locations;5.15
5;1500;MergeLast;30.0;4;3;1.Set of disks for t_i;0.25
5;1501;MergeLast;30.0;4;3;0.Reporting locations;5.1
5;1517;MergeLast;30.0;4;3;2.Set of disks for t_i+delta;31.7
5;1518;MergeLast;30.0;4;3;3.Joining timestams;7.46
5;1519;MergeLast;30.0;4;3;4.Checking internals;9.7
5;1520;MergeLast;30.0;4;3;0.Reporting locations;5.17
5;1521;MergeLast;30.0;4;3;1.Set of disks for t_i;0.26
5;1522;MergeLast;30.0;4;3;0.Reporting locations;5.22
5;1538;MergeLast;30.0;4;3;2.Set of disks for t_i+delta;32.24
5;1539;MergeLast;30.0;4;3;3.Joining timestams;7.3
5;1540;MergeLast;30.0;4;3;4.Checking internals;9.89
5;1541;MergeLast;30.0;4;3;0.Reporting locations;5.17
5;1542;MergeLast;30.0;4;3;1.Set of disks for t_i;0.27
5;1543;MergeLast;30.0;4;3;0.Reporting locations;5.13
5;1559;MergeLast;30.0;4;3;2.Set of disks for t_i+delta;32.36
5;1560;MergeLast;30.0;4;3;3.Joining timestams;7.36
5;1561;MergeLast;30.0;4;3;4.Checking internals;9.69
5;1562;MergeLast;30.0;4;3;0.Reporting locations;5.14
5;1563;MergeLast;30.0;4;3;1.Set of disks for t_i;0.35
5;1564;MergeLast;30.0;4;3;0.Reporting locations;5.04
5;1580;MergeLast;30.0;4;3;2.Set of disks for t_i+delta;22.49
5;1581;MergeLast;30.0;4;3;3.Joining timestams;7.02
5;1582;MergeLast;30.0;4;3;4.Checking internals;9.86
5;1583;MergeLast;30.0;4;3;0.Reporting locations;5.39
5;1584;MergeLast;30.0;4;3;1.Set of disks for t_i;0.26
5;1585;MergeLast;30.0;4;3;0.Reporting locations;5.21
5;1601;MergeLast;30.0;4;3;2.Set of disks for t_i+delta;34.34
5;1602;MergeLast;30.0;4;3;3.Joining timestams;7.97
5;1603;MergeLast;30.0;4;3;4.Checking internals;9.74
5;1604;MergeLast;30.0;4;3;0.Reporting locations;5.25
5;1605;MergeLast;30.0;4;3;1.Set of disks for t_i;0.25
5;1606;MergeLast;30.0;4;3;0.Reporting locations;5.15
5;1622;MergeLast;30.0;4;3;2.Set of disks for t_i+delta;33.61
5;1623;MergeLast;30.0;4;3;3.Joining timestams;6.94
5;1624;MergeLast;30.0;4;3;4.Checking internals;9.62
5;1629;MergeLast;30.0;4;3;Running MergeLast;593.13
7;1929;MergeLast;30.0;4;3;0.Reporting locations;5.28
7;1945;MergeLast;30.0;4;3;1.Set of disks for t_i;31.92
7;1946;MergeLast;30.0;4;3;0.Reporting locations;4.72
7;1962;MergeLast;30.0;4;3;2.Set of disks for t_i+delta;21.73
7;1963;MergeLast;30.0;4;3;3.Joining timestams;8.0
7;1964;MergeLast;30.0;4;3;4.Checking internals;11.83
7;1965;MergeLast;30.0;4;3;0.Reporting locations;4.95
7;1981;MergeLast;30.0;4;3;1.Set of disks for t_i;19.92
7;1982;MergeLast;30.0;4;3;0.Reporting locations;4.8
7;1998;MergeLast;30.0;4;3;2.Set of disks for t_i+delta;32.52
7;1999;MergeLast;30.0;4;3;3.Joining timestams;7.08
7;2000;MergeLast;30.0;4;3;4.Checking internals;9.23
7;2001;MergeLast;30.0;4;3;0.Reporting locations;4.77
7;2002;MergeLast;30.0;4;3;1.Set of disks for t_i;0.28
7;2003;MergeLast;30.0;4;3;0.Reporting locations;4.79
7;2019;MergeLast;30.0;4;3;2.Set of disks for t_i+delta;32.39
7;2020;MergeLast;30.0;4;3;3.Joining timestams;7.64
7;2021;MergeLast;30.0;4;3;4.Checking internals;9.36
7;2022;MergeLast;30.0;4;3;0.Reporting locations;4.78
7;2023;MergeLast;30.0;4;3;1.Set of disks for t_i;0.25
7;2024;MergeLast;30.0;4;3;0.Reporting locations;4.83
7;2040;MergeLast;30.0;4;3;2.Set of disks for t_i+delta;31.43
7;2041;MergeLast;30.0;4;3;3.Joining timestams;7.42
7;2042;MergeLast;30.0;4;3;4.Checking internals;9.61
7;2043;MergeLast;30.0;4;3;0.Reporting locations;4.84
7;2044;MergeLast;30.0;4;3;1.Set of disks for t_i;0.25
7;2045;MergeLast;30.0;4;3;0.Reporting locations;4.81
7;2061;MergeLast;30.0;4;3;2.Set of disks for t_i+delta;31.64
7;2062;MergeLast;30.0;4;3;3.Joining timestams;7.82
7;2063;MergeLast;30.0;4;3;4.Checking internals;9.31
7;2064;MergeLast;30.0;4;3;0.Reporting locations;4.85
7;2065;MergeLast;30.0;4;3;1.Set of disks for t_i;0.27
7;2066;MergeLast;30.0;4;3;0.Reporting locations;4.79
7;2082;MergeLast;30.0;4;3;2.Set of disks for t_i+delta;32.0
7;2083;MergeLast;30.0;4;3;3.Joining timestams;7.04
7;2084;MergeLast;30.0;4;3;4.Checking internals;9.16
7;2085;MergeLast;30.0;4;3;0.Reporting locations;4.83
7;2086;MergeLast;30.0;4;3;1.Set of disks for t_i;0.25
7;2087;MergeLast;30.0;4;3;0.Reporting locations;4.75
7;2103;MergeLast;30.0;4;3;2.Set of disks for t_i+delta;22.47
7;2104;MergeLast;30.0;4;3;3.Joining timestams;7.11
7;2105;MergeLast;30.0;4;3;4.Checking internals;8.91
7;2106;MergeLast;30.0;4;3;0.Reporting locations;4.87
7;2107;MergeLast;30.0;4;3;1.Set of disks for t_i;0.26
7;2108;MergeLast;30.0;4;3;0.Reporting locations;4.63
7;2124;MergeLast;30.0;4;3;2.Set of disks for t_i+delta;33.65
7;2125;MergeLast;30.0;4;3;3.Joining timestams;7.54
7;2126;MergeLast;30.0;4;3;4.Checking internals;9.57
7;2127;MergeLast;30.0;4;3;0.Reporting locations;4.75
7;2128;MergeLast;30.0;4;3;1.Set of disks for t_i;0.28
7;2129;MergeLast;30.0;4;3;0.Reporting locations;4.67
7;2145;MergeLast;30.0;4;3;2.Set of disks for t_i+delta;32.94
7;2146;MergeLast;30.0;4;3;3.Joining timestams;7.93
7;2147;MergeLast;30.0;4;3;4.Checking internals;9.0
7;2152;MergeLast;30.0;4;3;Running MergeLast;577.23
9;2452;MergeLast;30.0;4;3;0.Reporting locations;5.0
9;2468;MergeLast;30.0;4;3;1.Set of disks for t_i;32.64
9;2469;MergeLast;30.0;4;3;0.Reporting locations;5.67
9;2485;MergeLast;30.0;4;3;2.Set of disks for t_i+delta;22.04
9;2486;MergeLast;30.0;4;3;3.Joining timestams;8.53
9;2487;MergeLast;30.0;4;3;4.Checking internals;12.28
9;2488;MergeLast;30.0;4;3;0.Reporting locations;4.8
9;2504;MergeLast;30.0;4;3;1.Set of disks for t_i;19.78
9;2505;MergeLast;30.0;4;3;0.Reporting locations;4.82
9;2521;MergeLast;30.0;4;3;2.Set of disks for t_i+delta;32.81
9;2522;MergeLast;30.0;4;3;3.Joining timestams;7.15
9;2523;MergeLast;30.0;4;3;4.Checking internals;9.56
9;2524;MergeLast;30.0;4;3;0.Reporting locations;5.69
9;2525;MergeLast;30.0;4;3;1.Set of disks for t_i;0.25
9;2526;MergeLast;30.0;4;3;0.Reporting locations;4.76
9;2542;MergeLast;30.0;4;3;2.Set of disks for t_i+delta;32.32
9;2543;MergeLast;30.0;4;3;3.Joining timestams;7.36
9;2544;MergeLast;30.0;4;3;4.Checking internals;9.56
9;2545;MergeLast;30.0;4;3;0.Reporting locations;4.78
9;2546;MergeLast;30.0;4;3;1.Set of disks for t_i;0.26
9;2547;MergeLast;30.0;4;3;0.Reporting locations;4.8
9;2563;MergeLast;30.0;4;3;2.Set of disks for t_i+delta;31.71
9;2564;MergeLast;30.0;4;3;3.Joining timestams;7.32
9;2565;MergeLast;30.0;4;3;4.Checking internals;9.59
9;2566;MergeLast;30.0;4;3;0.Reporting locations;4.79
9;2567;MergeLast;30.0;4;3;1.Set of disks for t_i;0.45
9;2568;MergeLast;30.0;4;3;0.Reporting locations;4.87
9;2584;MergeLast;30.0;4;3;2.Set of disks for t_i+delta;31.8
9;2585;MergeLast;30.0;4;3;3.Joining timestams;7.54
9;2586;MergeLast;30.0;4;3;4.Checking internals;9.49
9;2587;MergeLast;30.0;4;3;0.Reporting locations;4.79
9;2588;MergeLast;30.0;4;3;1.Set of disks for t_i;0.24
9;2589;MergeLast;30.0;4;3;0.Reporting locations;4.8
9;2605;MergeLast;30.0;4;3;2.Set of disks for t_i+delta;31.8
9;2606;MergeLast;30.0;4;3;3.Joining timestams;7.37
9;2607;MergeLast;30.0;4;3;4.Checking internals;9.65
9;2608;MergeLast;30.0;4;3;0.Reporting locations;4.8
9;2609;MergeLast;30.0;4;3;1.Set of disks for t_i;0.25
9;2610;MergeLast;30.0;4;3;0.Reporting locations;4.7
9;2626;MergeLast;30.0;4;3;2.Set of disks for t_i+delta;23.31
9;2627;MergeLast;30.0;4;3;3.Joining timestams;7.55
9;2628;MergeLast;30.0;4;3;4.Checking internals;9.4
9;2629;MergeLast;30.0;4;3;0.Reporting locations;4.82
9;2630;MergeLast;30.0;4;3;1.Set of disks for t_i;0.27
9;2631;MergeLast;30.0;4;3;0.Reporting locations;4.68
9;2647;MergeLast;30.0;4;3;2.Set of disks for t_i+delta;33.49
9;2648;MergeLast;30.0;4;3;3.Joining timestams;7.52
9;2649;MergeLast;30.0;4;3;4.Checking internals;9.3
9;2650;MergeLast;30.0;4;3;0.Reporting locations;4.73
9;2651;MergeLast;30.0;4;3;1.Set of disks for t_i;0.26
9;2652;MergeLast;30.0;4;3;0.Reporting locations;4.64
9;2668;MergeLast;30.0;4;3;2.Set of disks for t_i+delta;34.45
9;2669;MergeLast;30.0;4;3;3.Joining timestams;7.84
9;2670;MergeLast;30.0;4;3;4.Checking internals;9.99
9;2675;MergeLast;30.0;4;3;Running MergeLast;585.75
11;2975;MergeLast;30.0;3;5;0.Reporting locations;5.45
11;2991;MergeLast;30.0;3;5;1.Set of disks for t_i;32.76
11;2992;MergeLast;30.0;3;5;0.Reporting locations;5.18
11;3008;MergeLast;30.0;3;5;2.Set of disks for t_i+delta;36.79
11;3009;MergeLast;30.0;3;5;3.Joining timestams;18.5
11;3010;MergeLast;30.0;3;5;4.Checking internals;21.41
11;3011;MergeLast;30.0;3;5;0.Reporting locations;5.2
11;3027;MergeLast;30.0;3;5;1.Set of disks for t_i;20.57
11;3028;MergeLast;30.0;3;5;0.Reporting locations;5.12
11;3044;MergeLast;30.0;3;5;2.Set of disks for t_i+delta;35.29
11;3045;MergeLast;30.0;3;5;3.Joining timestams;17.87
11;3046;MergeLast;30.0;3;5;4.Checking internals;20.64
11;3047;MergeLast;30.0;3;5;0.Reporting locations;5.21
11;3063;MergeLast;30.0;3;5;1.Set of disks for t_i;19.35
11;3064;MergeLast;30.0;3;5;0.Reporting locations;5.15
11;3080;MergeLast;30.0;3;5;2.Set of disks for t_i+delta;34.83
11;3081;MergeLast;30.0;3;5;3.Joining timestams;18.48
11;3082;MergeLast;30.0;3;5;4.Checking internals;19.79
11;3083;MergeLast;30.0;3;5;0.Reporting locations;5.11
11;3099;MergeLast;30.0;3;5;1.Set of disks for t_i;33.58
11;3100;MergeLast;30.0;3;5;0.Reporting locations;5.22
11;3116;MergeLast;30.0;3;5;2.Set of disks for t_i+delta;35.32
11;3117;MergeLast;30.0;3;5;3.Joining timestams;17.2
11;3118;MergeLast;30.0;3;5;4.Checking internals;17.53
11;3119;MergeLast;30.0;3;5;0.Reporting locations;5.32
11;3120;MergeLast;30.0;3;5;1.Set of disks for t_i;0.27
11;3121;MergeLast;30.0;3;5;0.Reporting locations;5.09
11;3137;MergeLast;30.0;3;5;2.Set of disks for t_i+delta;25.96
11;3138;MergeLast;30.0;3;5;3.Joining timestams;20.76
11;3139;MergeLast;30.0;3;5;4.Checking internals;18.46
11;3140;MergeLast;30.0;3;5;0.Reporting locations;5.26
11;3141;MergeLast;30.0;3;5;1.Set of disks for t_i;0.25
11;3142;MergeLast;30.0;3;5;0.Reporting locations;5.05
11;3158;MergeLast;30.0;3;5;2.Set of disks for t_i+delta;32.15
11;3159;MergeLast;30.0;3;5;3.Joining timestams;17.41
11;3160;MergeLast;30.0;3;5;4.Checking internals;20.32
11;3161;MergeLast;30.0;3;5;0.Reporting locations;5.2
11;3162;MergeLast;30.0;3;5;1.Set of disks for t_i;0.24
11;3163;MergeLast;30.0;3;5;0.Reporting locations;5.02
11;3179;MergeLast;30.0;3;5;2.Set of disks for t_i+delta;32.73
11;3180;MergeLast;30.0;3;5;3.Joining timestams;19.2
11;3181;MergeLast;30.0;3;5;4.Checking internals;18.39
11;3186;MergeLast;30.0;3;5;Running MergeLast;689.32
16;4269;MergeLast;30.0;3;5;0.Reporting locations;5.58
16;4285;MergeLast;30.0;3;5;1.Set of disks for t_i;34.32
16;4286;MergeLast;30.0;3;5;0.Reporting locations;4.94
16;4302;MergeLast;30.0;3;5;2.Set of disks for t_i+delta;33.67
16;4303;MergeLast;30.0;3;5;3.Joining timestams;19.35
16;4304;MergeLast;30.0;3;5;4.Checking internals;21.4
16;4305;MergeLast;30.0;3;5;0.Reporting locations;4.81
16;4321;MergeLast;30.0;3;5;1.Set of disks for t_i;20.3
16;4322;MergeLast;30.0;3;5;0.Reporting locations;4.76
16;4338;MergeLast;30.0;3;5;2.Set of disks for t_i+delta;32.6
16;4339;MergeLast;30.0;3;5;3.Joining timestams;17.54
16;4340;MergeLast;30.0;3;5;4.Checking internals;22.23
16;4341;MergeLast;30.0;3;5;0.Reporting locations;4.76
16;4357;MergeLast;30.0;3;5;1.Set of disks for t_i;19.18
16;4358;MergeLast;30.0;3;5;0.Reporting locations;4.76
16;4374;MergeLast;30.0;3;5;2.Set of disks for t_i+delta;32.25
16;4375;MergeLast;30.0;3;5;3.Joining timestams;17.35
16;4376;MergeLast;30.0;3;5;4.Checking internals;19.13
16;4377;MergeLast;30.0;3;5;0.Reporting locations;4.79
16;4393;MergeLast;30.0;3;5;1.Set of disks for t_i;31.08
16;4394;MergeLast;30.0;3;5;0.Reporting locations;4.78
16;4410;MergeLast;30.0;3;5;2.Set of disks for t_i+delta;32.57
16;4411;MergeLast;30.0;3;5;3.Joining timestams;17.23
16;4412;MergeLast;30.0;3;5;4.Checking internals;19.1
16;4413;MergeLast;30.0;3;5;0.Reporting locations;4.79
16;4414;MergeLast;30.0;3;5;1.Set of disks for t_i;0.26
16;4415;MergeLast;30.0;3;5;0.Reporting locations;4.75
16;4431;MergeLast;30.0;3;5;2.Set of disks for t_i+delta;23.0
16;4432;MergeLast;30.0;3;5;3.Joining timestams;17.82
16;4433;MergeLast;30.0;3;5;4.Checking internals;19.81
16;4434;MergeLast;30.0;3;5;0.Reporting locations;4.77
16;4435;MergeLast;30.0;3;5;1.Set of disks for t_i;0.27
16;4436;MergeLast;30.0;3;5;0.Reporting locations;4.6
16;4452;MergeLast;30.0;3;5;2.Set of disks for t_i+delta;34.23
16;4453;MergeLast;30.0;3;5;3.Joining timestams;17.75
16;4454;MergeLast;30.0;3;5;4.Checking internals;17.97
16;4455;MergeLast;30.0;3;5;0.Reporting locations;4.84
16;4456;MergeLast;30.0;3;5;1.Set of disks for t_i;0.27
16;4457;MergeLast;30.0;3;5;0.Reporting locations;4.6
16;4473;MergeLast;30.0;3;5;2.Set of disks for t_i+delta;33.21
16;4474;MergeLast;30.0;3;5;3.Joining timestams;18.48
16;4475;MergeLast;30.0;3;5;4.Checking internals;17.62
16;4480;MergeLast;30.0;3;5;Running MergeLast;668.43
20;5291;MergeLast;30.0;3;5;0.Reporting locations;5.24
20;5307;MergeLast;30.0;3;5;1.Set of disks for t_i;32.09
20;5308;MergeLast;30.0;3;5;0.Reporting locations;5.31
20;5324;MergeLast;30.0;3;5;2.Set of disks for t_i+delta;35.35
20;5325;MergeLast;30.0;3;5;3.Joining timestams;18.42
20;5326;MergeLast;30.0;3;5;4.Checking internals;22.03
20;5327;MergeLast;30.0;3;5;0.Reporting locations;5.21
20;5343;MergeLast;30.0;3;5;1.Set of disks for t_i;20.32
20;5344;MergeLast;30.0;3;5;0.Reporting locations;5.21
20;5360;MergeLast;30.0;3;5;2.Set of disks for t_i+delta;34.19
20;5361;MergeLast;30.0;3;5;3.Joining timestams;16.89
20;5362;MergeLast;30.0;3;5;4.Checking internals;18.11
20;5363;MergeLast;30.0;3;5;0.Reporting locations;5.21
20;5379;MergeLast;30.0;3;5;1.Set of disks for t_i;18.91
20;5380;MergeLast;30.0;3;5;0.Reporting locations;5.22
20;5396;MergeLast;30.0;3;5;2.Set of disks for t_i+delta;34.13
20;5397;MergeLast;30.0;3;5;3.Joining timestams;18.07
20;5398;MergeLast;30.0;3;5;4.Checking internals;17.87
20;5399;MergeLast;30.0;3;5;0.Reporting locations;5.31
20;5415;MergeLast;30.0;3;5;1.Set of disks for t_i;34.19
20;5416;MergeLast;30.0;3;5;0.Reporting locations;5.51
20;5432;MergeLast;30.0;3;5;2.Set of disks for t_i+delta;34.43
20;5433;MergeLast;30.0;3;5;3.Joining timestams;17.37
20;5434;MergeLast;30.0;3;5;4.Checking internals;18.4
20;5435;MergeLast;30.0;3;5;0.Reporting locations;5.26
20;5436;MergeLast;30.0;3;5;1.Set of disks for t_i;0.22
20;5437;MergeLast;30.0;3;5;0.Reporting locations;5.29
20;5453;MergeLast;30.0;3;5;2.Set of disks for t_i+delta;24.01
20;5454;MergeLast;30.0;3;5;3.Joining timestams;18.02
20;5455;MergeLast;30.0;3;5;4.Checking internals;23.35
20;5456;MergeLast;30.0;3;5;0.Reporting locations;5.35
20;5457;MergeLast;30.0;3;5;1.Set of disks for t_i;0.25
20;5458;MergeLast;30.0;3;5;0.Reporting locations;5.2
20;5474;MergeLast;30.0;3;5;2.Set of disks for t_i+delta;33.59
20;5475;MergeLast;30.0;3;5;3.Joining timestams;17.49
20;5476;MergeLast;30.0;3;5;4.Checking internals;19.52
20;5477;MergeLast;30.0;3;5;0.Reporting locations;5.34
20;5478;MergeLast;30.0;3;5;1.Set of disks for t_i;0.23
20;5479;MergeLast;30.0;3;5;0.Reporting locations;5.21
20;5495;MergeLast;30.0;3;5;2.Set of disks for t_i+delta;33.2
20;5496;MergeLast;30.0;3;5;3.Joining timestams;18.28
20;5497;MergeLast;30.0;3;5;4.Checking internals;18.35
20;5502;MergeLast;30.0;3;5;Running MergeLast;681.96
24;6313;MergeLast;30.0;3;5;0.Reporting locations;5.66
24;6329;MergeLast;30.0;3;5;1.Set of disks for t_i;31.62
24;6330;MergeLast;30.0;3;5;0.Reporting locations;5.66
24;6346;MergeLast;30.0;3;5;2.Set of disks for t_i+delta;35.91
24;6347;MergeLast;30.0;3;5;3.Joining timestams;18.71
24;6348;MergeLast;30.0;3;5;4.Checking internals;23.21
24;6349;MergeLast;30.0;3;5;0.Reporting locations;5.25
24;6365;MergeLast;30.0;3;5;1.Set of disks for t_i;20.49
24;6366;MergeLast;30.0;3;5;0.Reporting locations;5.28
24;6382;MergeLast;30.0;3;5;2.Set of disks for t_i+delta;35.07
24;6383;MergeLast;30.0;3;5;3.Joining timestams;18.13
24;6384;MergeLast;30.0;3;5;4.Checking internals;18.5
24;6385;MergeLast;30.0;3;5;0.Reporting locations;5.33
24;6401;MergeLast;30.0;3;5;1.Set of disks for t_i;18.71
24;6402;MergeLast;30.0;3;5;0.Reporting locations;5.23
24;6418;MergeLast;30.0;3;5;2.Set of disks for t_i+delta;35.18
24;6419;MergeLast;30.0;3;5;3.Joining timestams;17.9
24;6420;MergeLast;30.0;3;5;4.Checking internals;20.34
24;6421;MergeLast;30.0;3;5;0.Reporting locations;5.26
24;6437;MergeLast;30.0;3;5;1.Set of disks for t_i;34.15
24;6438;MergeLast;30.0;3;5;0.Reporting locations;5.22
24;6454;MergeLast;30.0;3;5;2.Set of disks for t_i+delta;35.87
24;6455;MergeLast;30.0;3;5;3.Joining timestams;17.19
24;6456;MergeLast;30.0;3;5;4.Checking internals;23.44
24;6457;MergeLast;30.0;3;5;0.Reporting locations;5.27
24;6458;MergeLast;30.0;3;5;1.Set of disks for t_i;0.24
24;6459;MergeLast;30.0;3;5;0.Reporting locations;5.21
24;6475;MergeLast;30.0;3;5;2.Set of disks for t_i+delta;24.62
24;6476;MergeLast;30.0;3;5;3.Joining timestams;17.63
24;6477;MergeLast;30.0;3;5;4.Checking internals;20.04
24;6478;MergeLast;30.0;3;5;0.Reporting locations;5.27
24;6479;MergeLast;30.0;3;5;1.Set of disks for t_i;0.2
24;6480;MergeLast;30.0;3;5;0.Reporting locations;5.06
24;6496;MergeLast;30.0;3;5;2.Set of disks for t_i+delta;32.98
24;6497;MergeLast;30.0;3;5;3.Joining timestams;16.55
24;6498;MergeLast;30.0;3;5;4.Checking internals;18.58
24;6499;MergeLast;30.0;3;5;0.Reporting locations;5.28
24;6500;MergeLast;30.0;3;5;1.Set of disks for t_i;0.27
24;6501;MergeLast;30.0;3;5;0.Reporting locations;5.12
24;6517;MergeLast;30.0;3;5;2.Set of disks for t_i+delta;33.81
24;6518;MergeLast;30.0;3;5;3.Joining timestams;17.73
24;6519;MergeLast;30.0;3;5;4.Checking internals;16.85
24;6524;MergeLast;30.0;3;5;Running MergeLast;689.05
28;7335;MergeLast;30.0;3;5;0.Reporting locations;5.76
28;7351;MergeLast;30.0;3;5;1.Set of disks for t_i;30.7
28;7352;MergeLast;30.0;3;5;0.Reporting locations;6.47
28;7368;MergeLast;30.0;3;5;2.Set of disks for t_i+delta;35.31
28;7369;MergeLast;30.0;3;5;3.Joining timestams;17.8
28;7370;MergeLast;30.0;3;5;4.Checking internals;22.45
28;7371;MergeLast;30.0;3;5;0.Reporting locations;5.62
28;7387;MergeLast;30.0;3;5;1.Set of disks for t_i;20.54
28;7388;MergeLast;30.0;3;5;0.Reporting locations;5.72
28;7404;MergeLast;30.0;3;5;2.Set of disks for t_i+delta;33.36
28;7405;MergeLast;30.0;3;5;3.Joining timestams;17.66
28;7406;MergeLast;30.0;3;5;4.Checking internals;22.41
28;7407;MergeLast;30.0;3;5;0.Reporting locations;5.6
28;7423;MergeLast;30.0;3;5;1.Set of disks for t_i;19.16
28;7424;MergeLast;30.0;3;5;0.Reporting locations;5.71
28;7440;MergeLast;30.0;3;5;2.Set of disks for t_i+delta;32.4
28;7441;MergeLast;30.0;3;5;3.Joining timestams;17.13
28;7442;MergeLast;30.0;3;5;4.Checking internals;20.34
28;7443;MergeLast;30.0;3;5;0.Reporting locations;5.56
28;7459;MergeLast;30.0;3;5;1.Set of disks for t_i;31.24
28;7460;MergeLast;30.0;3;5;0.Reporting locations;5.58
28;7476;MergeLast;30.0;3;5;2.Set of disks for t_i+delta;33.02
28;7477;MergeLast;30.0;3;5;3.Joining timestams;17.69
28;7478;MergeLast;30.0;3;5;4.Checking internals;20.55
28;7479;MergeLast;30.0;3;5;0.Reporting locations;5.54
28;7480;MergeLast;30.0;3;5;1.Set of disks for t_i;0.28
28;7481;MergeLast;30.0;3;5;0.Reporting locations;5.48
28;7497;MergeLast;30.0;3;5;2.Set of disks for t_i+delta;23.85
28;7498;MergeLast;30.0;3;5;3.Joining timestams;17.54
28;7499;MergeLast;30.0;3;5;4.Checking internals;20.54
28;7500;MergeLast;30.0;3;5;0.Reporting locations;5.62
28;7501;MergeLast;30.0;3;5;1.Set of disks for t_i;0.27
28;7502;MergeLast;30.0;3;5;0.Reporting locations;5.46
28;7518;MergeLast;30.0;3;5;2.Set of disks for t_i+delta;34.85
28;7519;MergeLast;30.0;3;5;3.Joining timestams;17.32
28;7520;MergeLast;30.0;3;5;4.Checking internals;19.21
28;7521;MergeLast;30.0;3;5;0.Reporting locations;5.61
28;7522;MergeLast;30.0;3;5;1.Set of disks for t_i;0.29
28;7523;MergeLast;30.0;3;5;0.Reporting locations;5.42
28;7539;MergeLast;30.0;3;5;2.Set of disks for t_i+delta;34.58
28;7540;MergeLast;30.0;3;5;3.Joining timestams;18.55
28;7541;MergeLast;30.0;3;5;4.Checking internals;18.91
28;7546;MergeLast;30.0;3;5;Running MergeLast;687.89
