0;19;MergeLast;100.0;4;6;0.Reporting locations;5.19
0;35;MergeLast;100.0;4;6;1.Set of disks for t_i;46.89
0;36;MergeLast;100.0;4;6;0.Reporting locations;5.58
0;52;MergeLast;100.0;4;6;2.Set of disks for t_i+delta;105.36
0;53;MergeLast;100.0;4;6;3.Joining timestams;21.16
0;58;MergeLast;100.0;4;6;4.Checking internals;16.7
0;59;MergeLast;100.0;4;6;0.Reporting locations;4.84
0;75;MergeLast;100.0;4;6;1.Set of disks for t_i;27.68
0;76;MergeLast;100.0;4;6;0.Reporting locations;4.89
0;92;MergeLast;100.0;4;6;2.Set of disks for t_i+delta;47.66
0;93;MergeLast;100.0;4;6;3.Joining timestams;20.59
0;98;MergeLast;100.0;4;6;4.Checking internals;13.88
0;99;MergeLast;100.0;4;6;0.Reporting locations;4.82
0;115;MergeLast;100.0;4;6;1.Set of disks for t_i;28.55
0;116;MergeLast;100.0;4;6;0.Reporting locations;4.86
0;132;MergeLast;100.0;4;6;2.Set of disks for t_i+delta;78.68
0;133;MergeLast;100.0;4;6;3.Joining timestams;20.94
0;138;MergeLast;100.0;4;6;4.Checking internals;14.01
0;139;MergeLast;100.0;4;6;0.Reporting locations;4.83
0;155;MergeLast;100.0;4;6;1.Set of disks for t_i;40.37
0;156;MergeLast;100.0;4;6;0.Reporting locations;4.77
0;172;MergeLast;100.0;4;6;2.Set of disks for t_i+delta;39.8
0;173;MergeLast;100.0;4;6;3.Joining timestams;20.64
0;178;MergeLast;100.0;4;6;4.Checking internals;14.73
0;179;MergeLast;100.0;4;6;0.Reporting locations;4.85
0;195;MergeLast;100.0;4;6;1.Set of disks for t_i;66.69
0;196;MergeLast;100.0;4;6;0.Reporting locations;4.66
0;212;MergeLast;100.0;4;6;2.Set of disks for t_i+delta;42.93
0;213;MergeLast;100.0;4;6;3.Joining timestams;21.64
0;218;MergeLast;100.0;4;6;4.Checking internals;14.2
0;219;MergeLast;100.0;4;6;0.Reporting locations;4.9
0;220;MergeLast;100.0;4;6;1.Set of disks for t_i;0.39
0;221;MergeLast;100.0;4;6;0.Reporting locations;4.73
0;237;MergeLast;100.0;4;6;2.Set of disks for t_i+delta;44.74
0;238;MergeLast;100.0;4;6;3.Joining timestams;23.27
0;243;MergeLast;100.0;4;6;4.Checking internals;14.48
0;248;MergeLast;100.0;4;6;Running MergeLast;864.32
1;276;MergeLast;100.0;5;6;0.Reporting locations;5.29
1;292;MergeLast;100.0;5;6;1.Set of disks for t_i;48.44
1;293;MergeLast;100.0;5;6;0.Reporting locations;5.36
1;309;MergeLast;100.0;5;6;2.Set of disks for t_i+delta;46.71
1;310;MergeLast;100.0;5;6;3.Joining timestams;19.3
1;315;MergeLast;100.0;5;6;4.Checking internals;16.36
1;316;MergeLast;100.0;5;6;0.Reporting locations;5.16
1;332;MergeLast;100.0;5;6;1.Set of disks for t_i;27.61
1;333;MergeLast;100.0;5;6;0.Reporting locations;5.07
1;349;MergeLast;100.0;5;6;2.Set of disks for t_i+delta;39.69
1;350;MergeLast;100.0;5;6;3.Joining timestams;17.81
1;355;MergeLast;100.0;5;6;4.Checking internals;13.61
1;356;MergeLast;100.0;5;6;0.Reporting locations;5.09
1;372;MergeLast;100.0;5;6;1.Set of disks for t_i;30.33
1;373;MergeLast;100.0;5;6;0.Reporting locations;5.1
1;389;MergeLast;100.0;5;6;2.Set of disks for t_i+delta;63.14
1;390;MergeLast;100.0;5;6;3.Joining timestams;16.68
1;395;MergeLast;100.0;5;6;4.Checking internals;13.48
1;396;MergeLast;100.0;5;6;0.Reporting locations;5.11
1;412;MergeLast;100.0;5;6;1.Set of disks for t_i;38.54
1;413;MergeLast;100.0;5;6;0.Reporting locations;5.0
1;429;MergeLast;100.0;5;6;2.Set of disks for t_i+delta;65.23
1;430;MergeLast;100.0;5;6;3.Joining timestams;19.91
1;435;MergeLast;100.0;5;6;4.Checking internals;14.48
1;436;MergeLast;100.0;5;6;0.Reporting locations;5.11
1;452;MergeLast;100.0;5;6;1.Set of disks for t_i;42.26
1;453;MergeLast;100.0;5;6;0.Reporting locations;4.96
1;469;MergeLast;100.0;5;6;2.Set of disks for t_i+delta;50.23
1;470;MergeLast;100.0;5;6;3.Joining timestams;17.04
1;475;MergeLast;100.0;5;6;4.Checking internals;13.71
1;476;MergeLast;100.0;5;6;0.Reporting locations;5.09
1;477;MergeLast;100.0;5;6;1.Set of disks for t_i;0.4
1;478;MergeLast;100.0;5;6;0.Reporting locations;4.93
1;494;MergeLast;100.0;5;6;2.Set of disks for t_i+delta;39.46
1;495;MergeLast;100.0;5;6;3.Joining timestams;16.69
1;500;MergeLast;100.0;5;6;4.Checking internals;13.53
1;505;MergeLast;100.0;5;6;Running MergeLast;764.41
2;533;MergeLast;100.0;6;6;0.Reporting locations;5.09
2;549;MergeLast;100.0;6;6;1.Set of disks for t_i;69.58
2;550;MergeLast;100.0;6;6;0.Reporting locations;5.54
2;566;MergeLast;100.0;6;6;2.Set of disks for t_i+delta;60.16
2;567;MergeLast;100.0;6;6;3.Joining timestams;18.65
2;572;MergeLast;100.0;6;6;4.Checking internals;14.85
2;573;MergeLast;100.0;6;6;0.Reporting locations;4.93
2;589;MergeLast;100.0;6;6;1.Set of disks for t_i;271.5
2;590;MergeLast;100.0;6;6;0.Reporting locations;5.07
2;606;MergeLast;100.0;6;6;2.Set of disks for t_i+delta;78.13
2;607;MergeLast;100.0;6;6;3.Joining timestams;17.27
2;612;MergeLast;100.0;6;6;4.Checking internals;13.82
2;613;MergeLast;100.0;6;6;0.Reporting locations;5.08
2;629;MergeLast;100.0;6;6;1.Set of disks for t_i;59.79
2;630;MergeLast;100.0;6;6;0.Reporting locations;5.06
2;646;MergeLast;100.0;6;6;2.Set of disks for t_i+delta;82.02
2;647;MergeLast;100.0;6;6;3.Joining timestams;15.52
2;652;MergeLast;100.0;6;6;4.Checking internals;13.29
2;653;MergeLast;100.0;6;6;0.Reporting locations;5.19
2;669;MergeLast;100.0;6;6;1.Set of disks for t_i;191.64
2;670;MergeLast;100.0;6;6;0.Reporting locations;5.0
2;686;MergeLast;100.0;6;6;2.Set of disks for t_i+delta;72.34
2;687;MergeLast;100.0;6;6;3.Joining timestams;16.16
2;692;MergeLast;100.0;6;6;4.Checking internals;15.82
2;693;MergeLast;100.0;6;6;0.Reporting locations;5.1
2;709;MergeLast;100.0;6;6;1.Set of disks for t_i;187.52
2;710;MergeLast;100.0;6;6;0.Reporting locations;5.1
2;726;MergeLast;100.0;6;6;2.Set of disks for t_i+delta;62.08
2;727;MergeLast;100.0;6;6;3.Joining timestams;15.23
2;732;MergeLast;100.0;6;6;4.Checking internals;13.37
2;733;MergeLast;100.0;6;6;0.Reporting locations;5.14
2;734;MergeLast;100.0;6;6;1.Set of disks for t_i;0.3
2;735;MergeLast;100.0;6;6;0.Reporting locations;4.96
2;751;MergeLast;100.0;6;6;2.Set of disks for t_i+delta;59.35
2;752;MergeLast;100.0;6;6;3.Joining timestams;16.82
2;757;MergeLast;100.0;6;6;4.Checking internals;14.12
2;762;MergeLast;100.0;6;6;Running MergeLast;1459.5
3;790;MergeLast;100.0;7;6;0.Reporting locations;5.26
3;806;MergeLast;100.0;7;6;1.Set of disks for t_i;44.82
3;807;MergeLast;100.0;7;6;0.Reporting locations;5.79
3;823;MergeLast;100.0;7;6;2.Set of disks for t_i+delta;58.15
3;824;MergeLast;100.0;7;6;3.Joining timestams;20.36
3;829;MergeLast;100.0;7;6;4.Checking internals;15.74
3;830;MergeLast;100.0;7;6;0.Reporting locations;5.11
3;846;MergeLast;100.0;7;6;1.Set of disks for t_i;116.55
3;847;MergeLast;100.0;7;6;0.Reporting locations;5.14
3;863;MergeLast;100.0;7;6;2.Set of disks for t_i+delta;82.82
3;864;MergeLast;100.0;7;6;3.Joining timestams;18.73
3;869;MergeLast;100.0;7;6;4.Checking internals;13.33
3;870;MergeLast;100.0;7;6;0.Reporting locations;5.18
3;886;MergeLast;100.0;7;6;1.Set of disks for t_i;36.57
3;887;MergeLast;100.0;7;6;0.Reporting locations;5.19
3;903;MergeLast;100.0;7;6;2.Set of disks for t_i+delta;63.38
3;904;MergeLast;100.0;7;6;3.Joining timestams;18.24
3;909;MergeLast;100.0;7;6;4.Checking internals;14.36
3;910;MergeLast;100.0;7;6;0.Reporting locations;5.19
3;926;MergeLast;100.0;7;6;1.Set of disks for t_i;47.82
3;927;MergeLast;100.0;7;6;0.Reporting locations;5.08
3;943;MergeLast;100.0;7;6;2.Set of disks for t_i+delta;76.0
3;944;MergeLast;100.0;7;6;3.Joining timestams;21.37
3;949;MergeLast;100.0;7;6;4.Checking internals;14.15
3;950;MergeLast;100.0;7;6;0.Reporting locations;5.13
3;966;MergeLast;100.0;7;6;1.Set of disks for t_i;97.33
3;967;MergeLast;100.0;7;6;0.Reporting locations;5.04
3;983;MergeLast;100.0;7;6;2.Set of disks for t_i+delta;48.21
3;984;MergeLast;100.0;7;6;3.Joining timestams;18.61
3;989;MergeLast;100.0;7;6;4.Checking internals;12.88
3;990;MergeLast;100.0;7;6;0.Reporting locations;5.18
3;991;MergeLast;100.0;7;6;1.Set of disks for t_i;0.31
3;992;MergeLast;100.0;7;6;0.Reporting locations;4.99
3;1008;MergeLast;100.0;7;6;2.Set of disks for t_i+delta;41.48
3;1009;MergeLast;100.0;7;6;3.Joining timestams;21.49
3;1014;MergeLast;100.0;7;6;4.Checking internals;13.84
3;1019;MergeLast;100.0;7;6;Running MergeLast;997.6
4;1047;MergeLast;100.0;8;6;0.Reporting locations;5.17
4;1063;MergeLast;100.0;8;6;1.Set of disks for t_i;46.33
4;1064;MergeLast;100.0;8;6;0.Reporting locations;5.39
4;1080;MergeLast;100.0;8;6;2.Set of disks for t_i+delta;57.42
4;1081;MergeLast;100.0;8;6;3.Joining timestams;14.71
4;1086;MergeLast;100.0;8;6;4.Checking internals;16.33
4;1087;MergeLast;100.0;8;6;0.Reporting locations;5.23
4;1103;MergeLast;100.0;8;6;1.Set of disks for t_i;122.87
4;1104;MergeLast;100.0;8;6;0.Reporting locations;5.21
4;1120;MergeLast;100.0;8;6;2.Set of disks for t_i+delta;53.01
4;1121;MergeLast;100.0;8;6;3.Joining timestams;14.09
4;1126;MergeLast;100.0;8;6;4.Checking internals;13.57
4;1127;MergeLast;100.0;8;6;0.Reporting locations;5.3
4;1143;MergeLast;100.0;8;6;1.Set of disks for t_i;29.1
4;1144;MergeLast;100.0;8;6;0.Reporting locations;5.22
4;1160;MergeLast;100.0;8;6;2.Set of disks for t_i+delta;66.17
4;1161;MergeLast;100.0;8;6;3.Joining timestams;13.97
4;1166;MergeLast;100.0;8;6;4.Checking internals;13.02
4;1167;MergeLast;100.0;8;6;0.Reporting locations;5.27
4;1183;MergeLast;100.0;8;6;1.Set of disks for t_i;43.71
4;1184;MergeLast;100.0;8;6;0.Reporting locations;5.16
4;1200;MergeLast;100.0;8;6;2.Set of disks for t_i+delta;69.58
4;1201;MergeLast;100.0;8;6;3.Joining timestams;14.95
4;1206;MergeLast;100.0;8;6;4.Checking internals;14.27
4;1207;MergeLast;100.0;8;6;0.Reporting locations;5.27
4;1223;MergeLast;100.0;8;6;1.Set of disks for t_i;194.7
4;1224;MergeLast;100.0;8;6;0.Reporting locations;5.05
4;1240;MergeLast;100.0;8;6;2.Set of disks for t_i+delta;57.27
4;1241;MergeLast;100.0;8;6;3.Joining timestams;15.45
4;1246;MergeLast;100.0;8;6;4.Checking internals;15.37
4;1247;MergeLast;100.0;8;6;0.Reporting locations;5.24
4;1248;MergeLast;100.0;8;6;1.Set of disks for t_i;0.31
4;1249;MergeLast;100.0;8;6;0.Reporting locations;5.1
4;1265;MergeLast;100.0;8;6;2.Set of disks for t_i+delta;39.88
4;1266;MergeLast;100.0;8;6;3.Joining timestams;16.49
4;1271;MergeLast;100.0;8;6;4.Checking internals;14.17
4;1276;MergeLast;100.0;8;6;Running MergeLast;1038.26
5;1304;MergeLast;100.0;8;6;0.Reporting locations;5.63
5;1320;MergeLast;100.0;8;6;1.Set of disks for t_i;46.37
5;1321;MergeLast;100.0;8;6;0.Reporting locations;5.07
5;1337;MergeLast;100.0;8;6;2.Set of disks for t_i+delta;56.06
5;1338;MergeLast;100.0;8;6;3.Joining timestams;14.02
5;1343;MergeLast;100.0;8;6;4.Checking internals;15.38
5;1344;MergeLast;100.0;8;6;0.Reporting locations;4.88
5;1360;MergeLast;100.0;8;6;1.Set of disks for t_i;119.05
5;1361;MergeLast;100.0;8;6;0.Reporting locations;4.87
5;1377;MergeLast;100.0;8;6;2.Set of disks for t_i+delta;80.83
5;1378;MergeLast;100.0;8;6;3.Joining timestams;14.11
5;1383;MergeLast;100.0;8;6;4.Checking internals;12.96
5;1384;MergeLast;100.0;8;6;0.Reporting locations;4.92
5;1400;MergeLast;100.0;8;6;1.Set of disks for t_i;28.88
5;1401;MergeLast;100.0;8;6;0.Reporting locations;4.96
5;1417;MergeLast;100.0;8;6;2.Set of disks for t_i+delta;63.51
5;1418;MergeLast;100.0;8;6;3.Joining timestams;13.84
5;1423;MergeLast;100.0;8;6;4.Checking internals;12.99
5;1424;MergeLast;100.0;8;6;0.Reporting locations;4.96
5;1440;MergeLast;100.0;8;6;1.Set of disks for t_i;46.64
5;1441;MergeLast;100.0;8;6;0.Reporting locations;4.91
5;1457;MergeLast;100.0;8;6;2.Set of disks for t_i+delta;85.65
5;1458;MergeLast;100.0;8;6;3.Joining timestams;16.55
5;1463;MergeLast;100.0;8;6;4.Checking internals;15.45
5;1464;MergeLast;100.0;8;6;0.Reporting locations;4.92
5;1480;MergeLast;100.0;8;6;1.Set of disks for t_i;195.48
5;1481;MergeLast;100.0;8;6;0.Reporting locations;4.78
5;1497;MergeLast;100.0;8;6;2.Set of disks for t_i+delta;63.66
5;1498;MergeLast;100.0;8;6;3.Joining timestams;15.43
5;1503;MergeLast;100.0;8;6;4.Checking internals;12.68
5;1504;MergeLast;100.0;8;6;0.Reporting locations;4.99
5;1505;MergeLast;100.0;8;6;1.Set of disks for t_i;0.3
5;1506;MergeLast;100.0;8;6;0.Reporting locations;4.83
5;1522;MergeLast;100.0;8;6;2.Set of disks for t_i+delta;44.13
5;1523;MergeLast;100.0;8;6;3.Joining timestams;15.43
5;1528;MergeLast;100.0;8;6;4.Checking internals;13.31
5;1533;MergeLast;100.0;8;6;Running MergeLast;1080.59
6;1561;MergeLast;100.0;7;6;0.Reporting locations;5.52
6;1577;MergeLast;100.0;7;6;1.Set of disks for t_i;56.03
6;1578;MergeLast;100.0;7;6;0.Reporting locations;5.71
6;1594;MergeLast;100.0;7;6;2.Set of disks for t_i+delta;56.24
6;1595;MergeLast;100.0;7;6;3.Joining timestams;19.77
6;1600;MergeLast;100.0;7;6;4.Checking internals;16.26
6;1601;MergeLast;100.0;7;6;0.Reporting locations;5.5
6;1617;MergeLast;100.0;7;6;1.Set of disks for t_i;115.15
6;1618;MergeLast;100.0;7;6;0.Reporting locations;5.46
6;1634;MergeLast;100.0;7;6;2.Set of disks for t_i+delta;51.4
6;1635;MergeLast;100.0;7;6;3.Joining timestams;19.28
6;1640;MergeLast;100.0;7;6;4.Checking internals;13.32
6;1641;MergeLast;100.0;7;6;0.Reporting locations;5.48
6;1657;MergeLast;100.0;7;6;1.Set of disks for t_i;29.44
6;1658;MergeLast;100.0;7;6;0.Reporting locations;5.61
6;1674;MergeLast;100.0;7;6;2.Set of disks for t_i+delta;63.5
6;1675;MergeLast;100.0;7;6;3.Joining timestams;18.5
6;1680;MergeLast;100.0;7;6;4.Checking internals;13.55
6;1681;MergeLast;100.0;7;6;0.Reporting locations;5.48
6;1697;MergeLast;100.0;7;6;1.Set of disks for t_i;48.29
6;1698;MergeLast;100.0;7;6;0.Reporting locations;5.37
6;1714;MergeLast;100.0;7;6;2.Set of disks for t_i+delta;148.83
6;1715;MergeLast;100.0;7;6;3.Joining timestams;22.0
6;1720;MergeLast;100.0;7;6;4.Checking internals;14.63
6;1721;MergeLast;100.0;7;6;0.Reporting locations;5.47
6;1737;MergeLast;100.0;7;6;1.Set of disks for t_i;95.28
6;1738;MergeLast;100.0;7;6;0.Reporting locations;5.35
6;1754;MergeLast;100.0;7;6;2.Set of disks for t_i+delta;41.12
6;1755;MergeLast;100.0;7;6;3.Joining timestams;19.99
6;1760;MergeLast;100.0;7;6;4.Checking internals;13.18
6;1761;MergeLast;100.0;7;6;0.Reporting locations;5.52
6;1762;MergeLast;100.0;7;6;1.Set of disks for t_i;0.29
6;1763;MergeLast;100.0;7;6;0.Reporting locations;5.32
6;1779;MergeLast;100.0;7;6;2.Set of disks for t_i+delta;38.32
6;1780;MergeLast;100.0;7;6;3.Joining timestams;20.49
6;1785;MergeLast;100.0;7;6;4.Checking internals;14.23
6;1790;MergeLast;100.0;7;6;Running MergeLast;1033.12
7;1818;MergeLast;100.0;6;6;0.Reporting locations;5.61
7;1834;MergeLast;100.0;6;6;1.Set of disks for t_i;67.32
7;1835;MergeLast;100.0;6;6;0.Reporting locations;5.63
7;1851;MergeLast;100.0;6;6;2.Set of disks for t_i+delta;55.57
7;1852;MergeLast;100.0;6;6;3.Joining timestams;16.23
7;1857;MergeLast;100.0;6;6;4.Checking internals;16.29
7;1858;MergeLast;100.0;6;6;0.Reporting locations;5.08
7;1874;MergeLast;100.0;6;6;1.Set of disks for t_i;269.27
7;1875;MergeLast;100.0;6;6;0.Reporting locations;5.02
7;1891;MergeLast;100.0;6;6;2.Set of disks for t_i+delta;79.49
7;1892;MergeLast;100.0;6;6;3.Joining timestams;16.12
7;1897;MergeLast;100.0;6;6;4.Checking internals;13.53
7;1898;MergeLast;100.0;6;6;0.Reporting locations;5.05
7;1914;MergeLast;100.0;6;6;1.Set of disks for t_i;56.61
7;1915;MergeLast;100.0;6;6;0.Reporting locations;5.09
7;1931;MergeLast;100.0;6;6;2.Set of disks for t_i+delta;81.08
7;1932;MergeLast;100.0;6;6;3.Joining timestams;17.04
7;1937;MergeLast;100.0;6;6;4.Checking internals;12.99
7;1938;MergeLast;100.0;6;6;0.Reporting locations;5.1
7;1954;MergeLast;100.0;6;6;1.Set of disks for t_i;190.05
7;1955;MergeLast;100.0;6;6;0.Reporting locations;4.99
7;1971;MergeLast;100.0;6;6;2.Set of disks for t_i+delta;96.93
7;1972;MergeLast;100.0;6;6;3.Joining timestams;19.7
7;1977;MergeLast;100.0;6;6;4.Checking internals;16.14
7;1978;MergeLast;100.0;6;6;0.Reporting locations;5.1
7;1994;MergeLast;100.0;6;6;1.Set of disks for t_i;196.66
7;1995;MergeLast;100.0;6;6;0.Reporting locations;4.91
7;2011;MergeLast;100.0;6;6;2.Set of disks for t_i+delta;64.28
7;2012;MergeLast;100.0;6;6;3.Joining timestams;14.97
7;2017;MergeLast;100.0;6;6;4.Checking internals;13.43
7;2018;MergeLast;100.0;6;6;0.Reporting locations;5.03
7;2019;MergeLast;100.0;6;6;1.Set of disks for t_i;0.3
7;2020;MergeLast;100.0;6;6;0.Reporting locations;4.86
7;2036;MergeLast;100.0;6;6;2.Set of disks for t_i+delta;98.72
7;2037;MergeLast;100.0;6;6;3.Joining timestams;16.09
7;2042;MergeLast;100.0;6;6;4.Checking internals;14.44
7;2047;MergeLast;100.0;6;6;Running MergeLast;1523.73
8;2075;MergeLast;100.0;5;6;0.Reporting locations;5.69
8;2091;MergeLast;100.0;5;6;1.Set of disks for t_i;44.68
8;2092;MergeLast;100.0;5;6;0.Reporting locations;5.24
8;2108;MergeLast;100.0;5;6;2.Set of disks for t_i+delta;44.91
8;2109;MergeLast;100.0;5;6;3.Joining timestams;20.91
8;2114;MergeLast;100.0;5;6;4.Checking internals;16.87
8;2115;MergeLast;100.0;5;6;0.Reporting locations;5.03
8;2131;MergeLast;100.0;5;6;1.Set of disks for t_i;26.19
8;2132;MergeLast;100.0;5;6;0.Reporting locations;5.0
8;2148;MergeLast;100.0;5;6;2.Set of disks for t_i+delta;40.93
8;2149;MergeLast;100.0;5;6;3.Joining timestams;16.53
8;2154;MergeLast;100.0;5;6;4.Checking internals;13.98
8;2155;MergeLast;100.0;5;6;0.Reporting locations;4.99
8;2171;MergeLast;100.0;5;6;1.Set of disks for t_i;30.3
8;2172;MergeLast;100.0;5;6;0.Reporting locations;5.06
8;2188;MergeLast;100.0;5;6;2.Set of disks for t_i+delta;65.02
8;2189;MergeLast;100.0;5;6;3.Joining timestams;16.37
8;2194;MergeLast;100.0;5;6;4.Checking internals;13.6
8;2195;MergeLast;100.0;5;6;0.Reporting locations;5.08
8;2211;MergeLast;100.0;5;6;1.Set of disks for t_i;46.52
8;2212;MergeLast;100.0;5;6;0.Reporting locations;5.05
8;2228;MergeLast;100.0;5;6;2.Set of disks for t_i+delta;68.01
8;2229;MergeLast;100.0;5;6;3.Joining timestams;18.64
8;2234;MergeLast;100.0;5;6;4.Checking internals;14.59
8;2235;MergeLast;100.0;5;6;0.Reporting locations;5.08
8;2251;MergeLast;100.0;5;6;1.Set of disks for t_i;54.02
8;2252;MergeLast;100.0;5;6;0.Reporting locations;5.01
8;2268;MergeLast;100.0;5;6;2.Set of disks for t_i+delta;41.16
8;2269;MergeLast;100.0;5;6;3.Joining timestams;17.2
8;2274;MergeLast;100.0;5;6;4.Checking internals;13.84
8;2275;MergeLast;100.0;5;6;0.Reporting locations;5.02
8;2276;MergeLast;100.0;5;6;1.Set of disks for t_i;0.29
8;2277;MergeLast;100.0;5;6;0.Reporting locations;4.88
8;2293;MergeLast;100.0;5;6;2.Set of disks for t_i+delta;44.05
8;2294;MergeLast;100.0;5;6;3.Joining timestams;19.69
8;2299;MergeLast;100.0;5;6;4.Checking internals;13.63
8;2304;MergeLast;100.0;5;6;Running MergeLast;782.74
9;2332;MergeLast;100.0;4;6;0.Reporting locations;5.16
9;2348;MergeLast;100.0;4;6;1.Set of disks for t_i;44.42
9;2349;MergeLast;100.0;4;6;0.Reporting locations;5.82
9;2365;MergeLast;100.0;4;6;2.Set of disks for t_i+delta;105.05
9;2366;MergeLast;100.0;4;6;3.Joining timestams;21.8
9;2371;MergeLast;100.0;4;6;4.Checking internals;16.14
9;2372;MergeLast;100.0;4;6;0.Reporting locations;5.19
9;2388;MergeLast;100.0;4;6;1.Set of disks for t_i;28.9
9;2389;MergeLast;100.0;4;6;0.Reporting locations;5.07
9;2405;MergeLast;100.0;4;6;2.Set of disks for t_i+delta;39.74
9;2406;MergeLast;100.0;4;6;3.Joining timestams;19.84
9;2411;MergeLast;100.0;4;6;4.Checking internals;13.97
9;2412;MergeLast;100.0;4;6;0.Reporting locations;5.54
9;2428;MergeLast;100.0;4;6;1.Set of disks for t_i;29.96
9;2429;MergeLast;100.0;4;6;0.Reporting locations;5.17
9;2445;MergeLast;100.0;4;6;2.Set of disks for t_i+delta;51.85
9;2446;MergeLast;100.0;4;6;3.Joining timestams;20.79
9;2451;MergeLast;100.0;4;6;4.Checking internals;13.96
9;2452;MergeLast;100.0;4;6;0.Reporting locations;5.13
9;2468;MergeLast;100.0;4;6;1.Set of disks for t_i;40.9
9;2469;MergeLast;100.0;4;6;0.Reporting locations;5.01
9;2485;MergeLast;100.0;4;6;2.Set of disks for t_i+delta;70.99
9;2486;MergeLast;100.0;4;6;3.Joining timestams;24.0
9;2491;MergeLast;100.0;4;6;4.Checking internals;15.21
9;2492;MergeLast;100.0;4;6;0.Reporting locations;5.22
9;2508;MergeLast;100.0;4;6;1.Set of disks for t_i;61.78
9;2509;MergeLast;100.0;4;6;0.Reporting locations;4.93
9;2525;MergeLast;100.0;4;6;2.Set of disks for t_i+delta;54.99
9;2526;MergeLast;100.0;4;6;3.Joining timestams;21.69
9;2531;MergeLast;100.0;4;6;4.Checking internals;15.17
9;2532;MergeLast;100.0;4;6;0.Reporting locations;5.11
9;2533;MergeLast;100.0;4;6;1.Set of disks for t_i;0.32
9;2534;MergeLast;100.0;4;6;0.Reporting locations;4.93
9;2550;MergeLast;100.0;4;6;2.Set of disks for t_i+delta;53.23
9;2551;MergeLast;100.0;4;6;3.Joining timestams;23.57
9;2556;MergeLast;100.0;4;6;4.Checking internals;14.54
9;2561;MergeLast;100.0;4;6;Running MergeLast;884.23
10;2589;MergeLast;100.0;4;6;0.Reporting locations;5.47
10;2605;MergeLast;100.0;4;6;1.Set of disks for t_i;45.93
10;2606;MergeLast;100.0;4;6;0.Reporting locations;5.28
10;2622;MergeLast;100.0;4;6;2.Set of disks for t_i+delta;105.82
10;2623;MergeLast;100.0;4;6;3.Joining timestams;21.94
10;2628;MergeLast;100.0;4;6;4.Checking internals;16.95
10;2629;MergeLast;100.0;4;6;0.Reporting locations;5.07
10;2645;MergeLast;100.0;4;6;1.Set of disks for t_i;27.49
10;2646;MergeLast;100.0;4;6;0.Reporting locations;5.02
10;2662;MergeLast;100.0;4;6;2.Set of disks for t_i+delta;41.97
10;2663;MergeLast;100.0;4;6;3.Joining timestams;19.86
10;2668;MergeLast;100.0;4;6;4.Checking internals;14.18
10;2669;MergeLast;100.0;4;6;0.Reporting locations;5.2
10;2685;MergeLast;100.0;4;6;1.Set of disks for t_i;29.7
10;2686;MergeLast;100.0;4;6;0.Reporting locations;5.05
10;2702;MergeLast;100.0;4;6;2.Set of disks for t_i+delta;52.4
10;2703;MergeLast;100.0;4;6;3.Joining timestams;20.55
10;2708;MergeLast;100.0;4;6;4.Checking internals;14.09
10;2709;MergeLast;100.0;4;6;0.Reporting locations;5.06
10;2725;MergeLast;100.0;4;6;1.Set of disks for t_i;41.61
10;2726;MergeLast;100.0;4;6;0.Reporting locations;5.01
10;2742;MergeLast;100.0;4;6;2.Set of disks for t_i+delta;68.88
10;2743;MergeLast;100.0;4;6;3.Joining timestams;23.78
10;2748;MergeLast;100.0;4;6;4.Checking internals;14.86
10;2749;MergeLast;100.0;4;6;0.Reporting locations;5.1
10;2765;MergeLast;100.0;4;6;1.Set of disks for t_i;65.89
10;2766;MergeLast;100.0;4;6;0.Reporting locations;4.91
10;2782;MergeLast;100.0;4;6;2.Set of disks for t_i+delta;41.74
10;2783;MergeLast;100.0;4;6;3.Joining timestams;20.1
10;2788;MergeLast;100.0;4;6;4.Checking internals;14.13
10;2789;MergeLast;100.0;4;6;0.Reporting locations;5.06
10;2790;MergeLast;100.0;4;6;1.Set of disks for t_i;0.32
10;2791;MergeLast;100.0;4;6;0.Reporting locations;4.89
10;2807;MergeLast;100.0;4;6;2.Set of disks for t_i+delta;41.96
10;2808;MergeLast;100.0;4;6;3.Joining timestams;24.3
10;2813;MergeLast;100.0;4;6;4.Checking internals;14.41
10;2818;MergeLast;100.0;4;6;Running MergeLast;862.93
11;2846;MergeLast;100.0;5;6;0.Reporting locations;5.42
11;2862;MergeLast;100.0;5;6;1.Set of disks for t_i;57.85
11;2863;MergeLast;100.0;5;6;0.Reporting locations;5.44
11;2879;MergeLast;100.0;5;6;2.Set of disks for t_i+delta;42.83
11;2880;MergeLast;100.0;5;6;3.Joining timestams;19.24
11;2885;MergeLast;100.0;5;6;4.Checking internals;16.42
11;2886;MergeLast;100.0;5;6;0.Reporting locations;5.21
11;2902;MergeLast;100.0;5;6;1.Set of disks for t_i;27.64
11;2903;MergeLast;100.0;5;6;0.Reporting locations;5.18
11;2919;MergeLast;100.0;5;6;2.Set of disks for t_i+delta;37.68
11;2920;MergeLast;100.0;5;6;3.Joining timestams;16.07
11;2925;MergeLast;100.0;5;6;4.Checking internals;14.02
11;2926;MergeLast;100.0;5;6;0.Reporting locations;5.22
11;2942;MergeLast;100.0;5;6;1.Set of disks for t_i;30.69
11;2943;MergeLast;100.0;5;6;0.Reporting locations;5.21
11;2959;MergeLast;100.0;5;6;2.Set of disks for t_i+delta;49.41
11;2960;MergeLast;100.0;5;6;3.Joining timestams;17.11
11;2965;MergeLast;100.0;5;6;4.Checking internals;13.87
11;2966;MergeLast;100.0;5;6;0.Reporting locations;5.22
11;2982;MergeLast;100.0;5;6;1.Set of disks for t_i;44.04
11;2983;MergeLast;100.0;5;6;0.Reporting locations;5.14
11;2999;MergeLast;100.0;5;6;2.Set of disks for t_i+delta;42.77
11;3000;MergeLast;100.0;5;6;3.Joining timestams;17.1
11;3005;MergeLast;100.0;5;6;4.Checking internals;15.04
11;3006;MergeLast;100.0;5;6;0.Reporting locations;5.26
11;3022;MergeLast;100.0;5;6;1.Set of disks for t_i;41.14
11;3023;MergeLast;100.0;5;6;0.Reporting locations;5.05
11;3039;MergeLast;100.0;5;6;2.Set of disks for t_i+delta;45.11
11;3040;MergeLast;100.0;5;6;3.Joining timestams;16.42
11;3045;MergeLast;100.0;5;6;4.Checking internals;13.72
11;3046;MergeLast;100.0;5;6;0.Reporting locations;5.23
11;3047;MergeLast;100.0;5;6;1.Set of disks for t_i;0.31
11;3048;MergeLast;100.0;5;6;0.Reporting locations;5.06
11;3064;MergeLast;100.0;5;6;2.Set of disks for t_i+delta;42.49
11;3065;MergeLast;100.0;5;6;3.Joining timestams;17.05
11;3070;MergeLast;100.0;5;6;4.Checking internals;13.87
11;3075;MergeLast;100.0;5;6;Running MergeLast;734.05
12;3103;MergeLast;100.0;6;6;0.Reporting locations;5.68
12;3119;MergeLast;100.0;6;6;1.Set of disks for t_i;69.51
12;3120;MergeLast;100.0;6;6;0.Reporting locations;5.93
12;3136;MergeLast;100.0;6;6;2.Set of disks for t_i+delta;59.23
12;3137;MergeLast;100.0;6;6;3.Joining timestams;16.27
12;3142;MergeLast;100.0;6;6;4.Checking internals;17.24
12;3143;MergeLast;100.0;6;6;0.Reporting locations;5.71
12;3159;MergeLast;100.0;6;6;1.Set of disks for t_i;276.06
12;3160;MergeLast;100.0;6;6;0.Reporting locations;5.54
12;3176;MergeLast;100.0;6;6;2.Set of disks for t_i+delta;78.08
12;3177;MergeLast;100.0;6;6;3.Joining timestams;15.93
12;3182;MergeLast;100.0;6;6;4.Checking internals;14.21
12;3183;MergeLast;100.0;6;6;0.Reporting locations;5.6
12;3199;MergeLast;100.0;6;6;1.Set of disks for t_i;56.4
12;3200;MergeLast;100.0;6;6;0.Reporting locations;5.56
12;3216;MergeLast;100.0;6;6;2.Set of disks for t_i+delta;84.74
12;3217;MergeLast;100.0;6;6;3.Joining timestams;16.59
12;3222;MergeLast;100.0;6;6;4.Checking internals;14.2
12;3223;MergeLast;100.0;6;6;0.Reporting locations;5.52
12;3239;MergeLast;100.0;6;6;1.Set of disks for t_i;92.74
12;3240;MergeLast;100.0;6;6;0.Reporting locations;5.48
12;3256;MergeLast;100.0;6;6;2.Set of disks for t_i+delta;74.98
12;3257;MergeLast;100.0;6;6;3.Joining timestams;15.5
12;3262;MergeLast;100.0;6;6;4.Checking internals;15.78
12;3263;MergeLast;100.0;6;6;0.Reporting locations;5.56
12;3279;MergeLast;100.0;6;6;1.Set of disks for t_i;194.17
12;3280;MergeLast;100.0;6;6;0.Reporting locations;5.42
12;3296;MergeLast;100.0;6;6;2.Set of disks for t_i+delta;59.35
12;3297;MergeLast;100.0;6;6;3.Joining timestams;15.26
12;3302;MergeLast;100.0;6;6;4.Checking internals;13.88
12;3303;MergeLast;100.0;6;6;0.Reporting locations;5.56
12;3304;MergeLast;100.0;6;6;1.Set of disks for t_i;0.29
12;3305;MergeLast;100.0;6;6;0.Reporting locations;5.36
12;3321;MergeLast;100.0;6;6;2.Set of disks for t_i+delta;56.3
12;3322;MergeLast;100.0;6;6;3.Joining timestams;16.05
12;3327;MergeLast;100.0;6;6;4.Checking internals;15.81
12;3332;MergeLast;100.0;6;6;Running MergeLast;1374.07
13;3360;MergeLast;100.0;7;6;0.Reporting locations;5.24
13;3376;MergeLast;100.0;7;6;1.Set of disks for t_i;44.99
13;3377;MergeLast;100.0;7;6;0.Reporting locations;5.01
13;3393;MergeLast;100.0;7;6;2.Set of disks for t_i+delta;56.27
13;3394;MergeLast;100.0;7;6;3.Joining timestams;20.63
13;3399;MergeLast;100.0;7;6;4.Checking internals;15.49
13;3400;MergeLast;100.0;7;6;0.Reporting locations;4.85
13;3416;MergeLast;100.0;7;6;1.Set of disks for t_i;114.01
13;3417;MergeLast;100.0;7;6;0.Reporting locations;4.84
13;3433;MergeLast;100.0;7;6;2.Set of disks for t_i+delta;51.37
13;3434;MergeLast;100.0;7;6;3.Joining timestams;18.66
13;3439;MergeLast;100.0;7;6;4.Checking internals;12.83
13;3440;MergeLast;100.0;7;6;0.Reporting locations;4.92
13;3456;MergeLast;100.0;7;6;1.Set of disks for t_i;29.14
13;3457;MergeLast;100.0;7;6;0.Reporting locations;4.9
13;3473;MergeLast;100.0;7;6;2.Set of disks for t_i+delta;66.04
13;3474;MergeLast;100.0;7;6;3.Joining timestams;18.77
13;3479;MergeLast;100.0;7;6;4.Checking internals;12.48
13;3480;MergeLast;100.0;7;6;0.Reporting locations;4.89
13;3496;MergeLast;100.0;7;6;1.Set of disks for t_i;51.1
13;3497;MergeLast;100.0;7;6;0.Reporting locations;4.74
13;3513;MergeLast;100.0;7;6;2.Set of disks for t_i+delta;74.67
13;3514;MergeLast;100.0;7;6;3.Joining timestams;18.83
13;3519;MergeLast;100.0;7;6;4.Checking internals;17.45
13;3520;MergeLast;100.0;7;6;0.Reporting locations;4.87
13;3536;MergeLast;100.0;7;6;1.Set of disks for t_i;90.73
13;3537;MergeLast;100.0;7;6;0.Reporting locations;4.72
13;3553;MergeLast;100.0;7;6;2.Set of disks for t_i+delta;44.13
13;3554;MergeLast;100.0;7;6;3.Joining timestams;19.12
13;3559;MergeLast;100.0;7;6;4.Checking internals;12.67
13;3560;MergeLast;100.0;7;6;0.Reporting locations;4.89
13;3561;MergeLast;100.0;7;6;1.Set of disks for t_i;0.32
13;3562;MergeLast;100.0;7;6;0.Reporting locations;4.7
13;3578;MergeLast;100.0;7;6;2.Set of disks for t_i+delta;46.22
13;3579;MergeLast;100.0;7;6;3.Joining timestams;20.9
13;3584;MergeLast;100.0;7;6;4.Checking internals;12.99
13;3589;MergeLast;100.0;7;6;Running MergeLast;947.09
14;3686;MergeLast;100.0;8;6;0.Reporting locations;5.44
14;3702;MergeLast;100.0;8;6;1.Set of disks for t_i;43.51
14;3703;MergeLast;100.0;8;6;0.Reporting locations;4.73
14;3719;MergeLast;100.0;8;6;2.Set of disks for t_i+delta;57.6
14;3720;MergeLast;100.0;8;6;3.Joining timestams;15.86
14;3725;MergeLast;100.0;8;6;4.Checking internals;15.23
14;3726;MergeLast;100.0;8;6;0.Reporting locations;4.66
14;3742;MergeLast;100.0;8;6;1.Set of disks for t_i;114.93
14;3743;MergeLast;100.0;8;6;0.Reporting locations;4.6
14;3759;MergeLast;100.0;8;6;2.Set of disks for t_i+delta;51.98
14;3760;MergeLast;100.0;8;6;3.Joining timestams;13.93
14;3765;MergeLast;100.0;8;6;4.Checking internals;12.6
14;3766;MergeLast;100.0;8;6;0.Reporting locations;4.65
14;3782;MergeLast;100.0;8;6;1.Set of disks for t_i;28.42
14;3783;MergeLast;100.0;8;6;0.Reporting locations;4.61
14;3799;MergeLast;100.0;8;6;2.Set of disks for t_i+delta;62.53
14;3800;MergeLast;100.0;8;6;3.Joining timestams;14.99
14;3805;MergeLast;100.0;8;6;4.Checking internals;12.72
14;3806;MergeLast;100.0;8;6;0.Reporting locations;4.64
14;3822;MergeLast;100.0;8;6;1.Set of disks for t_i;42.91
14;3823;MergeLast;100.0;8;6;0.Reporting locations;4.56
14;3839;MergeLast;100.0;8;6;2.Set of disks for t_i+delta;87.19
14;3840;MergeLast;100.0;8;6;3.Joining timestams;16.68
14;3845;MergeLast;100.0;8;6;4.Checking internals;15.59
14;3846;MergeLast;100.0;8;6;0.Reporting locations;4.67
14;3862;MergeLast;100.0;8;6;1.Set of disks for t_i;93.34
14;3863;MergeLast;100.0;8;6;0.Reporting locations;4.52
14;3879;MergeLast;100.0;8;6;2.Set of disks for t_i+delta;101.69
14;3880;MergeLast;100.0;8;6;3.Joining timestams;15.96
14;3885;MergeLast;100.0;8;6;4.Checking internals;12.53
14;3886;MergeLast;100.0;8;6;0.Reporting locations;4.68
14;3887;MergeLast;100.0;8;6;1.Set of disks for t_i;0.31
14;3888;MergeLast;100.0;8;6;0.Reporting locations;4.61
14;3904;MergeLast;100.0;8;6;2.Set of disks for t_i+delta;44.69
14;3905;MergeLast;100.0;8;6;3.Joining timestams;16.8
14;3910;MergeLast;100.0;8;6;4.Checking internals;12.59
14;3915;MergeLast;100.0;8;6;Running MergeLast;980.41
15;3943;MergeLast;100.0;8;6;0.Reporting locations;5.45
15;3959;MergeLast;100.0;8;6;1.Set of disks for t_i;47.92
15;3960;MergeLast;100.0;8;6;0.Reporting locations;4.76
15;3976;MergeLast;100.0;8;6;2.Set of disks for t_i+delta;57.74
15;3977;MergeLast;100.0;8;6;3.Joining timestams;14.38
15;3982;MergeLast;100.0;8;6;4.Checking internals;14.22
15;3983;MergeLast;100.0;8;6;0.Reporting locations;4.54
15;3999;MergeLast;100.0;8;6;1.Set of disks for t_i;109.83
15;4000;MergeLast;100.0;8;6;0.Reporting locations;4.55
15;4016;MergeLast;100.0;8;6;2.Set of disks for t_i+delta;53.06
15;4017;MergeLast;100.0;8;6;3.Joining timestams;14.0
15;4022;MergeLast;100.0;8;6;4.Checking internals;13.05
15;4023;MergeLast;100.0;8;6;0.Reporting locations;4.64
15;4039;MergeLast;100.0;8;6;1.Set of disks for t_i;28.48
15;4040;MergeLast;100.0;8;6;0.Reporting locations;4.59
15;4056;MergeLast;100.0;8;6;2.Set of disks for t_i+delta;65.87
15;4057;MergeLast;100.0;8;6;3.Joining timestams;14.06
15;4062;MergeLast;100.0;8;6;4.Checking internals;12.56
15;4063;MergeLast;100.0;8;6;0.Reporting locations;4.6
15;4079;MergeLast;100.0;8;6;1.Set of disks for t_i;46.34
15;4080;MergeLast;100.0;8;6;0.Reporting locations;4.56
15;4096;MergeLast;100.0;8;6;2.Set of disks for t_i+delta;76.01
15;4097;MergeLast;100.0;8;6;3.Joining timestams;14.83
15;4102;MergeLast;100.0;8;6;4.Checking internals;17.02
15;4103;MergeLast;100.0;8;6;0.Reporting locations;4.67
15;4119;MergeLast;100.0;8;6;1.Set of disks for t_i;94.82
15;4120;MergeLast;100.0;8;6;0.Reporting locations;4.42
15;4136;MergeLast;100.0;8;6;2.Set of disks for t_i+delta;60.08
15;4137;MergeLast;100.0;8;6;3.Joining timestams;15.04
15;4142;MergeLast;100.0;8;6;4.Checking internals;12.49
15;4143;MergeLast;100.0;8;6;0.Reporting locations;4.67
15;4144;MergeLast;100.0;8;6;1.Set of disks for t_i;0.32
15;4145;MergeLast;100.0;8;6;0.Reporting locations;4.46
15;4161;MergeLast;100.0;8;6;2.Set of disks for t_i+delta;40.61
15;4162;MergeLast;100.0;8;6;3.Joining timestams;14.96
15;4167;MergeLast;100.0;8;6;4.Checking internals;12.55
15;4172;MergeLast;100.0;8;6;Running MergeLast;924.05
16;4200;MergeLast;100.0;7;6;0.Reporting locations;5.31
16;4216;MergeLast;100.0;7;6;1.Set of disks for t_i;48.47
16;4217;MergeLast;100.0;7;6;0.Reporting locations;4.98
16;4233;MergeLast;100.0;7;6;2.Set of disks for t_i+delta;56.5
16;4234;MergeLast;100.0;7;6;3.Joining timestams;20.79
16;4239;MergeLast;100.0;7;6;4.Checking internals;15.59
16;4240;MergeLast;100.0;7;6;0.Reporting locations;4.94
16;4256;MergeLast;100.0;7;6;1.Set of disks for t_i;112.71
16;4257;MergeLast;100.0;7;6;0.Reporting locations;4.93
16;4273;MergeLast;100.0;7;6;2.Set of disks for t_i+delta;52.49
16;4274;MergeLast;100.0;7;6;3.Joining timestams;19.87
16;4279;MergeLast;100.0;7;6;4.Checking internals;13.7
16;4280;MergeLast;100.0;7;6;0.Reporting locations;4.78
16;4296;MergeLast;100.0;7;6;1.Set of disks for t_i;29.93
16;4297;MergeLast;100.0;7;6;0.Reporting locations;4.79
16;4313;MergeLast;100.0;7;6;2.Set of disks for t_i+delta;116.62
16;4314;MergeLast;100.0;7;6;3.Joining timestams;19.02
16;4319;MergeLast;100.0;7;6;4.Checking internals;12.82
16;4320;MergeLast;100.0;7;6;0.Reporting locations;4.79
16;4336;MergeLast;100.0;7;6;1.Set of disks for t_i;69.05
16;4337;MergeLast;100.0;7;6;0.Reporting locations;4.7
16;4353;MergeLast;100.0;7;6;2.Set of disks for t_i+delta;76.45
16;4354;MergeLast;100.0;7;6;3.Joining timestams;24.04
16;4359;MergeLast;100.0;7;6;4.Checking internals;15.87
16;4360;MergeLast;100.0;7;6;0.Reporting locations;4.77
16;4376;MergeLast;100.0;7;6;1.Set of disks for t_i;87.9
16;4377;MergeLast;100.0;7;6;0.Reporting locations;4.65
16;4393;MergeLast;100.0;7;6;2.Set of disks for t_i+delta;42.85
16;4394;MergeLast;100.0;7;6;3.Joining timestams;19.92
16;4399;MergeLast;100.0;7;6;4.Checking internals;12.76
16;4400;MergeLast;100.0;7;6;0.Reporting locations;4.79
16;4401;MergeLast;100.0;7;6;1.Set of disks for t_i;0.32
16;4402;MergeLast;100.0;7;6;0.Reporting locations;4.64
16;4418;MergeLast;100.0;7;6;2.Set of disks for t_i+delta;37.87
16;4419;MergeLast;100.0;7;6;3.Joining timestams;20.26
16;4424;MergeLast;100.0;7;6;4.Checking internals;13.01
16;4429;MergeLast;100.0;7;6;Running MergeLast;1015.16
17;4457;MergeLast;100.0;6;6;0.Reporting locations;5.05
17;4473;MergeLast;100.0;6;6;1.Set of disks for t_i;64.55
17;4474;MergeLast;100.0;6;6;0.Reporting locations;5.17
17;4490;MergeLast;100.0;6;6;2.Set of disks for t_i+delta;54.8
17;4491;MergeLast;100.0;6;6;3.Joining timestams;16.16
17;4496;MergeLast;100.0;6;6;4.Checking internals;16.38
17;4497;MergeLast;100.0;6;6;0.Reporting locations;5.15
17;4513;MergeLast;100.0;6;6;1.Set of disks for t_i;293.93
17;4514;MergeLast;100.0;6;6;0.Reporting locations;5.08
17;4530;MergeLast;100.0;6;6;2.Set of disks for t_i+delta;77.45
17;4531;MergeLast;100.0;6;6;3.Joining timestams;17.12
17;4536;MergeLast;100.0;6;6;4.Checking internals;13.92
17;4537;MergeLast;100.0;6;6;0.Reporting locations;5.09
17;4553;MergeLast;100.0;6;6;1.Set of disks for t_i;59.16
17;4554;MergeLast;100.0;6;6;0.Reporting locations;5.07
17;4570;MergeLast;100.0;6;6;2.Set of disks for t_i+delta;165.68
17;4571;MergeLast;100.0;6;6;3.Joining timestams;15.16
17;4576;MergeLast;100.0;6;6;4.Checking internals;13.78
17;4577;MergeLast;100.0;6;6;0.Reporting locations;5.06
17;4593;MergeLast;100.0;6;6;1.Set of disks for t_i;85.06
17;4594;MergeLast;100.0;6;6;0.Reporting locations;4.98
17;4610;MergeLast;100.0;6;6;2.Set of disks for t_i+delta;153.53
17;4611;MergeLast;100.0;6;6;3.Joining timestams;17.23
17;4616;MergeLast;100.0;6;6;4.Checking internals;15.41
17;4617;MergeLast;100.0;6;6;0.Reporting locations;5.08
17;4633;MergeLast;100.0;6;6;1.Set of disks for t_i;181.97
17;4634;MergeLast;100.0;6;6;0.Reporting locations;4.86
17;4650;MergeLast;100.0;6;6;2.Set of disks for t_i+delta;98.79
17;4651;MergeLast;100.0;6;6;3.Joining timestams;15.55
17;4656;MergeLast;100.0;6;6;4.Checking internals;15.8
17;4657;MergeLast;100.0;6;6;0.Reporting locations;5.06
17;4658;MergeLast;100.0;6;6;1.Set of disks for t_i;0.32
17;4659;MergeLast;100.0;6;6;0.Reporting locations;4.88
17;4675;MergeLast;100.0;6;6;2.Set of disks for t_i+delta;60.79
17;4676;MergeLast;100.0;6;6;3.Joining timestams;16.22
17;4681;MergeLast;100.0;6;6;4.Checking internals;13.94
17;4686;MergeLast;100.0;6;6;Running MergeLast;1562.11
18;4714;MergeLast;100.0;5;6;0.Reporting locations;5.78
18;4730;MergeLast;100.0;5;6;1.Set of disks for t_i;44.75
18;4731;MergeLast;100.0;5;6;0.Reporting locations;5.13
18;4747;MergeLast;100.0;5;6;2.Set of disks for t_i+delta;42.46
18;4748;MergeLast;100.0;5;6;3.Joining timestams;19.17
18;4753;MergeLast;100.0;5;6;4.Checking internals;15.62
18;4754;MergeLast;100.0;5;6;0.Reporting locations;4.93
18;4770;MergeLast;100.0;5;6;1.Set of disks for t_i;27.42
18;4771;MergeLast;100.0;5;6;0.Reporting locations;4.93
18;4787;MergeLast;100.0;5;6;2.Set of disks for t_i+delta;45.65
18;4788;MergeLast;100.0;5;6;3.Joining timestams;16.68
18;4793;MergeLast;100.0;5;6;4.Checking internals;13.53
18;4794;MergeLast;100.0;5;6;0.Reporting locations;4.97
18;4810;MergeLast;100.0;5;6;1.Set of disks for t_i;33.47
18;4811;MergeLast;100.0;5;6;0.Reporting locations;4.96
18;4827;MergeLast;100.0;5;6;2.Set of disks for t_i+delta;50.36
18;4828;MergeLast;100.0;5;6;3.Joining timestams;16.96
18;4833;MergeLast;100.0;5;6;4.Checking internals;13.14
18;4834;MergeLast;100.0;5;6;0.Reporting locations;4.92
18;4850;MergeLast;100.0;5;6;1.Set of disks for t_i;40.13
18;4851;MergeLast;100.0;5;6;0.Reporting locations;4.84
18;4867;MergeLast;100.0;5;6;2.Set of disks for t_i+delta;61.46
18;4868;MergeLast;100.0;5;6;3.Joining timestams;19.02
18;4873;MergeLast;100.0;5;6;4.Checking internals;14.37
18;4874;MergeLast;100.0;5;6;0.Reporting locations;4.95
18;4890;MergeLast;100.0;5;6;1.Set of disks for t_i;52.81
18;4891;MergeLast;100.0;5;6;0.Reporting locations;4.8
18;4907;MergeLast;100.0;5;6;2.Set of disks for t_i+delta;49.91
18;4908;MergeLast;100.0;5;6;3.Joining timestams;18.29
18;4913;MergeLast;100.0;5;6;4.Checking internals;13.61
18;4914;MergeLast;100.0;5;6;0.Reporting locations;4.96
18;4915;MergeLast;100.0;5;6;1.Set of disks for t_i;0.3
18;4916;MergeLast;100.0;5;6;0.Reporting locations;4.74
18;4932;MergeLast;100.0;5;6;2.Set of disks for t_i+delta;43.5
18;4933;MergeLast;100.0;5;6;3.Joining timestams;17.28
18;4938;MergeLast;100.0;5;6;4.Checking internals;13.14
18;4943;MergeLast;100.0;5;6;Running MergeLast;761.71
19;4971;MergeLast;100.0;4;6;0.Reporting locations;5.49
19;4987;MergeLast;100.0;4;6;1.Set of disks for t_i;46.83
19;4988;MergeLast;100.0;4;6;0.Reporting locations;5.0
19;5004;MergeLast;100.0;4;6;2.Set of disks for t_i+delta;101.95
19;5005;MergeLast;100.0;4;6;3.Joining timestams;20.61
19;5010;MergeLast;100.0;4;6;4.Checking internals;16.32
19;5011;MergeLast;100.0;4;6;0.Reporting locations;4.82
19;5027;MergeLast;100.0;4;6;1.Set of disks for t_i;26.99
19;5028;MergeLast;100.0;4;6;0.Reporting locations;4.86
19;5044;MergeLast;100.0;4;6;2.Set of disks for t_i+delta;47.97
19;5045;MergeLast;100.0;4;6;3.Joining timestams;20.57
19;5050;MergeLast;100.0;4;6;4.Checking internals;14.0
19;5051;MergeLast;100.0;4;6;0.Reporting locations;4.82
19;5067;MergeLast;100.0;4;6;1.Set of disks for t_i;29.42
19;5068;MergeLast;100.0;4;6;0.Reporting locations;4.79
19;5084;MergeLast;100.0;4;6;2.Set of disks for t_i+delta;75.62
19;5085;MergeLast;100.0;4;6;3.Joining timestams;20.73
19;5090;MergeLast;100.0;4;6;4.Checking internals;13.61
19;5091;MergeLast;100.0;4;6;0.Reporting locations;4.81
19;5107;MergeLast;100.0;4;6;1.Set of disks for t_i;39.94
19;5108;MergeLast;100.0;4;6;0.Reporting locations;4.78
19;5124;MergeLast;100.0;4;6;2.Set of disks for t_i+delta;40.93
19;5125;MergeLast;100.0;4;6;3.Joining timestams;19.82
19;5130;MergeLast;100.0;4;6;4.Checking internals;14.59
19;5131;MergeLast;100.0;4;6;0.Reporting locations;4.93
19;5147;MergeLast;100.0;4;6;1.Set of disks for t_i;103.84
19;5148;MergeLast;100.0;4;6;0.Reporting locations;4.75
19;5164;MergeLast;100.0;4;6;2.Set of disks for t_i+delta;44.11
19;5165;MergeLast;100.0;4;6;3.Joining timestams;20.94
19;5170;MergeLast;100.0;4;6;4.Checking internals;14.2
19;5171;MergeLast;100.0;4;6;0.Reporting locations;4.85
19;5172;MergeLast;100.0;4;6;1.Set of disks for t_i;0.3
19;5173;MergeLast;100.0;4;6;0.Reporting locations;4.69
19;5189;MergeLast;100.0;4;6;2.Set of disks for t_i+delta;43.8
19;5190;MergeLast;100.0;4;6;3.Joining timestams;20.45
19;5195;MergeLast;100.0;4;6;4.Checking internals;13.88
19;5200;MergeLast;100.0;4;6;Running MergeLast;889.16
20;5228;MergeLast;100.0;4;6;0.Reporting locations;5.24
20;5244;MergeLast;100.0;4;6;1.Set of disks for t_i;44.58
20;5245;MergeLast;100.0;4;6;0.Reporting locations;5.93
20;5261;MergeLast;100.0;4;6;2.Set of disks for t_i+delta;100.62
20;5262;MergeLast;100.0;4;6;3.Joining timestams;20.16
20;5267;MergeLast;100.0;4;6;4.Checking internals;16.47
20;5268;MergeLast;100.0;4;6;0.Reporting locations;5.14
20;5284;MergeLast;100.0;4;6;1.Set of disks for t_i;26.92
20;5285;MergeLast;100.0;4;6;0.Reporting locations;5.08
20;5301;MergeLast;100.0;4;6;2.Set of disks for t_i+delta;42.88
20;5302;MergeLast;100.0;4;6;3.Joining timestams;20.13
20;5307;MergeLast;100.0;4;6;4.Checking internals;14.44
20;5308;MergeLast;100.0;4;6;0.Reporting locations;5.08
20;5324;MergeLast;100.0;4;6;1.Set of disks for t_i;30.56
20;5325;MergeLast;100.0;4;6;0.Reporting locations;5.07
20;5341;MergeLast;100.0;4;6;2.Set of disks for t_i+delta;77.71
20;5342;MergeLast;100.0;4;6;3.Joining timestams;20.02
20;5347;MergeLast;100.0;4;6;4.Checking internals;14.22
20;5348;MergeLast;100.0;4;6;0.Reporting locations;5.12
20;5364;MergeLast;100.0;4;6;1.Set of disks for t_i;43.44
20;5365;MergeLast;100.0;4;6;0.Reporting locations;4.99
20;5381;MergeLast;100.0;4;6;2.Set of disks for t_i+delta;63.02
20;5382;MergeLast;100.0;4;6;3.Joining timestams;24.64
20;5387;MergeLast;100.0;4;6;4.Checking internals;17.28
20;5388;MergeLast;100.0;4;6;0.Reporting locations;5.13
20;5404;MergeLast;100.0;4;6;1.Set of disks for t_i;62.6
20;5405;MergeLast;100.0;4;6;0.Reporting locations;5.0
20;5421;MergeLast;100.0;4;6;2.Set of disks for t_i+delta;53.51
20;5422;MergeLast;100.0;4;6;3.Joining timestams;19.04
20;5427;MergeLast;100.0;4;6;4.Checking internals;14.43
20;5428;MergeLast;100.0;4;6;0.Reporting locations;5.15
20;5429;MergeLast;100.0;4;6;1.Set of disks for t_i;0.33
20;5430;MergeLast;100.0;4;6;0.Reporting locations;4.96
20;5446;MergeLast;100.0;4;6;2.Set of disks for t_i+delta;44.51
20;5447;MergeLast;100.0;4;6;3.Joining timestams;19.49
20;5452;MergeLast;100.0;4;6;4.Checking internals;14.4
20;5457;MergeLast;100.0;4;6;Running MergeLast;888.2
21;5485;MergeLast;100.0;5;6;0.Reporting locations;4.96
21;5501;MergeLast;100.0;5;6;1.Set of disks for t_i;54.96
21;5502;MergeLast;100.0;5;6;0.Reporting locations;4.96
21;5518;MergeLast;100.0;5;6;2.Set of disks for t_i+delta;44.07
21;5519;MergeLast;100.0;5;6;3.Joining timestams;19.14
21;5524;MergeLast;100.0;5;6;4.Checking internals;16.79
21;5525;MergeLast;100.0;5;6;0.Reporting locations;4.8
21;5541;MergeLast;100.0;5;6;1.Set of disks for t_i;27.34
21;5542;MergeLast;100.0;5;6;0.Reporting locations;4.82
21;5558;MergeLast;100.0;5;6;2.Set of disks for t_i+delta;43.22
21;5559;MergeLast;100.0;5;6;3.Joining timestams;15.72
21;5564;MergeLast;100.0;5;6;4.Checking internals;13.49
21;5565;MergeLast;100.0;5;6;0.Reporting locations;4.76
21;5581;MergeLast;100.0;5;6;1.Set of disks for t_i;30.13
21;5582;MergeLast;100.0;5;6;0.Reporting locations;4.77
21;5598;MergeLast;100.0;5;6;2.Set of disks for t_i+delta;51.67
21;5599;MergeLast;100.0;5;6;3.Joining timestams;16.61
21;5604;MergeLast;100.0;5;6;4.Checking internals;13.0
21;5605;MergeLast;100.0;5;6;0.Reporting locations;4.83
21;5621;MergeLast;100.0;5;6;1.Set of disks for t_i;40.47
21;5622;MergeLast;100.0;5;6;0.Reporting locations;4.63
21;5638;MergeLast;100.0;5;6;2.Set of disks for t_i+delta;65.99
21;5639;MergeLast;100.0;5;6;3.Joining timestams;18.54
21;5644;MergeLast;100.0;5;6;4.Checking internals;14.18
21;5645;MergeLast;100.0;5;6;0.Reporting locations;4.72
21;5661;MergeLast;100.0;5;6;1.Set of disks for t_i;54.87
21;5662;MergeLast;100.0;5;6;0.Reporting locations;4.6
21;5678;MergeLast;100.0;5;6;2.Set of disks for t_i+delta;41.47
21;5679;MergeLast;100.0;5;6;3.Joining timestams;20.14
21;5684;MergeLast;100.0;5;6;4.Checking internals;13.42
21;5685;MergeLast;100.0;5;6;0.Reporting locations;4.75
21;5686;MergeLast;100.0;5;6;1.Set of disks for t_i;0.3
21;5687;MergeLast;100.0;5;6;0.Reporting locations;4.54
21;5703;MergeLast;100.0;5;6;2.Set of disks for t_i+delta;39.32
21;5704;MergeLast;100.0;5;6;3.Joining timestams;16.93
21;5709;MergeLast;100.0;5;6;4.Checking internals;13.59
21;5714;MergeLast;100.0;5;6;Running MergeLast;761.39
22;5742;MergeLast;100.0;6;6;0.Reporting locations;5.32
22;5758;MergeLast;100.0;6;6;1.Set of disks for t_i;65.27
22;5759;MergeLast;100.0;6;6;0.Reporting locations;4.98
22;5775;MergeLast;100.0;6;6;2.Set of disks for t_i+delta;58.75
22;5776;MergeLast;100.0;6;6;3.Joining timestams;16.0
22;5781;MergeLast;100.0;6;6;4.Checking internals;15.16
22;5782;MergeLast;100.0;6;6;0.Reporting locations;4.89
22;5798;MergeLast;100.0;6;6;1.Set of disks for t_i;266.35
22;5799;MergeLast;100.0;6;6;0.Reporting locations;4.87
22;5815;MergeLast;100.0;6;6;2.Set of disks for t_i+delta;77.89
22;5816;MergeLast;100.0;6;6;3.Joining timestams;15.81
22;5821;MergeLast;100.0;6;6;4.Checking internals;12.35
22;5822;MergeLast;100.0;6;6;0.Reporting locations;4.88
22;5838;MergeLast;100.0;6;6;1.Set of disks for t_i;59.2
22;5839;MergeLast;100.0;6;6;0.Reporting locations;4.92
22;5855;MergeLast;100.0;6;6;2.Set of disks for t_i+delta;86.2
22;5856;MergeLast;100.0;6;6;3.Joining timestams;15.28
22;5861;MergeLast;100.0;6;6;4.Checking internals;13.03
22;5862;MergeLast;100.0;6;6;0.Reporting locations;4.85
22;5878;MergeLast;100.0;6;6;1.Set of disks for t_i;94.55
22;5879;MergeLast;100.0;6;6;0.Reporting locations;4.8
22;5895;MergeLast;100.0;6;6;2.Set of disks for t_i+delta;71.25
22;5896;MergeLast;100.0;6;6;3.Joining timestams;15.56
22;5901;MergeLast;100.0;6;6;4.Checking internals;14.6
22;5902;MergeLast;100.0;6;6;0.Reporting locations;4.97
22;5918;MergeLast;100.0;6;6;1.Set of disks for t_i;204.78
22;5919;MergeLast;100.0;6;6;0.Reporting locations;4.71
22;5935;MergeLast;100.0;6;6;2.Set of disks for t_i+delta;58.48
22;5936;MergeLast;100.0;6;6;3.Joining timestams;15.42
22;5941;MergeLast;100.0;6;6;4.Checking internals;12.64
22;5942;MergeLast;100.0;6;6;0.Reporting locations;4.86
22;5943;MergeLast;100.0;6;6;1.Set of disks for t_i;0.28
22;5944;MergeLast;100.0;6;6;0.Reporting locations;4.66
22;5960;MergeLast;100.0;6;6;2.Set of disks for t_i+delta;56.67
22;5961;MergeLast;100.0;6;6;3.Joining timestams;16.28
22;5966;MergeLast;100.0;6;6;4.Checking internals;12.88
22;5971;MergeLast;100.0;6;6;Running MergeLast;1351.85
23;5999;MergeLast;100.0;7;6;0.Reporting locations;5.04
23;6015;MergeLast;100.0;7;6;1.Set of disks for t_i;44.87
23;6016;MergeLast;100.0;7;6;0.Reporting locations;5.29
23;6032;MergeLast;100.0;7;6;2.Set of disks for t_i+delta;56.6
23;6033;MergeLast;100.0;7;6;3.Joining timestams;19.02
23;6038;MergeLast;100.0;7;6;4.Checking internals;15.53
23;6039;MergeLast;100.0;7;6;0.Reporting locations;4.84
23;6055;MergeLast;100.0;7;6;1.Set of disks for t_i;114.58
23;6056;MergeLast;100.0;7;6;0.Reporting locations;4.82
23;6072;MergeLast;100.0;7;6;2.Set of disks for t_i+delta;52.12
23;6073;MergeLast;100.0;7;6;3.Joining timestams;20.19
23;6078;MergeLast;100.0;7;6;4.Checking internals;12.77
23;6079;MergeLast;100.0;7;6;0.Reporting locations;4.78
23;6095;MergeLast;100.0;7;6;1.Set of disks for t_i;29.46
23;6096;MergeLast;100.0;7;6;0.Reporting locations;4.82
23;6112;MergeLast;100.0;7;6;2.Set of disks for t_i+delta;66.57
23;6113;MergeLast;100.0;7;6;3.Joining timestams;18.93
23;6118;MergeLast;100.0;7;6;4.Checking internals;12.96
23;6119;MergeLast;100.0;7;6;0.Reporting locations;4.78
23;6135;MergeLast;100.0;7;6;1.Set of disks for t_i;52.74
23;6136;MergeLast;100.0;7;6;0.Reporting locations;4.68
23;6152;MergeLast;100.0;7;6;2.Set of disks for t_i+delta;76.41
23;6153;MergeLast;100.0;7;6;3.Joining timestams;22.03
23;6158;MergeLast;100.0;7;6;4.Checking internals;15.52
23;6159;MergeLast;100.0;7;6;0.Reporting locations;4.77
23;6175;MergeLast;100.0;7;6;1.Set of disks for t_i;92.34
23;6176;MergeLast;100.0;7;6;0.Reporting locations;4.63
23;6192;MergeLast;100.0;7;6;2.Set of disks for t_i+delta;46.35
23;6193;MergeLast;100.0;7;6;3.Joining timestams;19.55
23;6198;MergeLast;100.0;7;6;4.Checking internals;12.71
23;6199;MergeLast;100.0;7;6;0.Reporting locations;4.78
23;6200;MergeLast;100.0;7;6;1.Set of disks for t_i;0.31
23;6201;MergeLast;100.0;7;6;0.Reporting locations;4.62
23;6217;MergeLast;100.0;7;6;2.Set of disks for t_i+delta;43.44
23;6218;MergeLast;100.0;7;6;3.Joining timestams;21.09
23;6223;MergeLast;100.0;7;6;4.Checking internals;13.09
23;6228;MergeLast;100.0;7;6;Running MergeLast;955.33
24;6256;MergeLast;100.0;8;6;0.Reporting locations;5.22
24;6272;MergeLast;100.0;8;6;1.Set of disks for t_i;46.25
24;6273;MergeLast;100.0;8;6;0.Reporting locations;5.55
24;6289;MergeLast;100.0;8;6;2.Set of disks for t_i+delta;55.81
24;6290;MergeLast;100.0;8;6;3.Joining timestams;14.78
24;6295;MergeLast;100.0;8;6;4.Checking internals;15.82
24;6296;MergeLast;100.0;8;6;0.Reporting locations;5.06
24;6312;MergeLast;100.0;8;6;1.Set of disks for t_i;119.34
24;6313;MergeLast;100.0;8;6;0.Reporting locations;5.07
24;6329;MergeLast;100.0;8;6;2.Set of disks for t_i+delta;51.1
24;6330;MergeLast;100.0;8;6;3.Joining timestams;13.51
24;6335;MergeLast;100.0;8;6;4.Checking internals;12.92
24;6336;MergeLast;100.0;8;6;0.Reporting locations;5.09
24;6352;MergeLast;100.0;8;6;1.Set of disks for t_i;28.5
24;6353;MergeLast;100.0;8;6;0.Reporting locations;5.08
24;6369;MergeLast;100.0;8;6;2.Set of disks for t_i+delta;63.36
24;6370;MergeLast;100.0;8;6;3.Joining timestams;13.93
24;6375;MergeLast;100.0;8;6;4.Checking internals;13.03
24;6376;MergeLast;100.0;8;6;0.Reporting locations;5.1
24;6392;MergeLast;100.0;8;6;1.Set of disks for t_i;41.56
24;6393;MergeLast;100.0;8;6;0.Reporting locations;4.96
24;6409;MergeLast;100.0;8;6;2.Set of disks for t_i+delta;81.81
24;6410;MergeLast;100.0;8;6;3.Joining timestams;17.35
24;6415;MergeLast;100.0;8;6;4.Checking internals;14.39
24;6416;MergeLast;100.0;8;6;0.Reporting locations;5.07
24;6432;MergeLast;100.0;8;6;1.Set of disks for t_i;86.4
24;6433;MergeLast;100.0;8;6;0.Reporting locations;5.03
24;6449;MergeLast;100.0;8;6;2.Set of disks for t_i+delta;59.53
24;6450;MergeLast;100.0;8;6;3.Joining timestams;16.03
24;6455;MergeLast;100.0;8;6;4.Checking internals;14.89
24;6456;MergeLast;100.0;8;6;0.Reporting locations;5.05
24;6457;MergeLast;100.0;8;6;1.Set of disks for t_i;0.31
24;6458;MergeLast;100.0;8;6;0.Reporting locations;4.87
24;6474;MergeLast;100.0;8;6;2.Set of disks for t_i+delta;45.42
24;6475;MergeLast;100.0;8;6;3.Joining timestams;16.07
24;6480;MergeLast;100.0;8;6;4.Checking internals;12.92
24;6485;MergeLast;100.0;8;6;Running MergeLast;935.37
